CellId,label,birth_length,AverageLength,AverageVelocity,LifeHistory,GrowthRate,AverageOrientation
1.0,,3.767055936661532,4.636931950677394,0.008,7.0,0.06,-1.8827434495552045
2.0,,3.5418700341607203,4.263525102156607,-0.005,6.0,0.052,-2.1772010513736846
3.0,,3.907870892923985,4.568362575460303,0.006,6.0,0.05,-2.381942404018282
4.0,,2.6180310159938265,3.778808441802749,-0.003,11.0,0.051,-1.2834967258539314
5.0,,4.329902759507161,4.56441572890851,0.005,3.0,0.035,-2.426626298137237
6.0,,2.03288712277355,2.0770341636266765,-0.004,40.0,-0.001,-2.3574936074769743
7.0,,2.530391860304787,3.7089996453690164,0.004,11.0,0.052,-1.8762104441692038
8.0,,4.44590052683417,5.802747984606816,0.009,15.0,0.048,-2.565553392481141
9.0,,2.0637247987907177,2.0346113228467724,-0.004,40.0,-0.0,-2.2791075336277506
10.0,,2.6333637960124827,3.5597535441283346,-0.004,13.0,0.032,-0.9208004594376361
11.0,,2.8613963835151166,4.439642556796282,-0.005,14.0,0.054,-1.663965608607303
12.0,,3.5557853368941976,3.977938213251409,0.004,6.0,0.033,-2.6657062719918363
13,,5.0465957217621575,,,1,NaN,-1.5148994593306342
14.0,,2.449842213892125,4.056300954419525,0.011,14.0,0.058,-2.8705903707694125
15.0,,3.809600194964843,4.083108500839829,0.002,3.0,0.036,-1.9424472241553208
16.0,,2.4496163785231175,3.0518868183170773,0.004,10.0,0.029,-0.5544030497530008
17.0,,2.4815170671134736,2.905587342885715,0.01,11.0,0.02,-2.5374594025308443
18.0,,4.238566649875665,4.469392890857979,0.002,3.0,0.033,-1.4994123454377484
19.0,,3.3870143361031837,3.7077077399086007,-0.005,5.0,0.032,-1.7674204664533448
20.0,,2.762251897925218,2.9190323077251734,-0.006,3.0,0.021,-1.1447402139562362
21.0,,2.5040670258721835,3.0457733022148865,0.007,10.0,0.027,-2.4195534184678467
22.0,,3.5224576856553598,3.6194430472401136,0.015,40.0,0.001,-1.813703555742218
23.0,,5.717300683928487,5.999312776050226,0.061,3.0,0.033,-1.843690928943391
24.0,,2.8279292551077577,2.7740163208527697,0.026,40.0,-0.001,-2.1547424660065735
25.0,,3.052439355299328,3.2922563956326947,0.022,4.0,0.031,-2.3510890339157853
26.0,,2.814777027134167,4.20822215985497,0.024,11.0,0.059,-2.3471343772929596
27.0,,3.8026992481590223,3.921104598715778,-0.002,2.0,0.024,-2.362815832853172
28.0,,3.4776576169150517,4.155737427865276,0.017,7.0,0.045,-1.1239403570005189
29.0,,3.15175973201282,3.6975527490584303,0.03,7.0,0.033,-0.638222562433671
30.0,,3.643111238963495,3.578290245825921,-0.004,40.0,-0.0,-2.2544870033013695
31.0,,4.128222951672957,3.9430257170594416,0.065,40.0,-0.008,-1.7697535034374758
32.0,,2.9036971265726894,5.6132669475104136,0.009,17.0,0.084,-1.8721392746097427
33.0,,3.4389578233955946,4.213851744373485,0.001,8.0,0.047,-0.8802662234691169
34.0,,2.628881207460886,2.5504628072601223,-0.005,39.0,-0.0,-0.2725165507127071
35.0,,2.5059037054759634,2.85272817501104,0.006,15.0,0.013,-2.2335247958390094
36.0,,4.044611424430116,4.336529407127421,-0.012,4.0,0.033,-2.972197120046752
37.0,,3.127272133970799,3.2216450780500425,-0.002,7.0,0.006,-0.47353324575513905
38.0,,5.3431885576278955,5.566613552027549,0.004,2.0,0.045,-0.325615365174703
39.0,,3.468799752233923,4.59529828226428,0.006,5.0,0.09,-2.7229156255894194
40,,1.6742811329606486,,,1,NaN,-0.35976597483393563
41,,1.7794046360349614,,,1,NaN,-2.768142954159381
42.0,,2.6145324727446644,4.271678120638294,0.009,25.0,0.09,-0.41842726755485854
43.0,13.0,2.6963323568859554,3.8935218337857087,0.007,10.0,0.057,-1.1796416286813536
44.0,13.0,2.5340199330744717,4.343646401980582,0.013,12.0,0.07,-1.717312830745538
45.0,27.0,2.1823890843382023,2.9948035904392682,0.005,12.0,0.033,-2.4199483789012692
46.0,27.0,1.9374539054122937,2.7099516259830803,0.02,12.0,0.03,-2.4191999259841324
47.0,38.0,3.370253387652034,5.350737629093101,-0.005,12.0,0.078,-1.1178723340903651
48.0,38.0,2.9703291569383445,3.202705210731375,-0.006,3.0,0.035,-0.17871734031766676
49.0,,1.8834247852027637,2.060512356140673,0.008,3.0,0.025,-2.7785200780925643
50,,2.245456959723154,,,1,NaN,-3.083383742750939
51.0,5.0,2.4218830916392853,3.0982306368233146,-0.006,12.0,0.011,-2.3695632356101908
52.0,5.0,2.585206222154325,3.3718010823763427,0.059,13.0,0.012,-2.3993460383791247
53.0,15.0,2.29507852338827,4.183448773459849,0.004,16.0,0.064,-1.6801771369030285
54.0,15.0,2.355150740570379,3.8811086629767146,0.011,14.0,0.052,-1.4974584913054636
55.0,18.0,2.5940144674476824,3.735691448087051,0.003,11.0,0.047,-1.4945910812065306
56.0,18.0,2.38882464419169,4.305373482650164,0.012,15.0,0.064,-2.1661635977947653
57.0,20.0,1.7623617267287404,2.897319853625912,0.007,20.0,0.028,-2.064732782159175
58.0,20.0,1.4730941378971225,2.4286822713954153,-0.017,17.0,0.03,-1.292624066584915
59.0,23.0,3.654564006900074,4.10927161091834,0.026,37.0,0.003,-1.5988408368799583
60.0,23.0,2.7337452289958026,3.013406067571028,0.029,37.0,0.002,-1.953763456189325
61.0,,1.2494649942248224,1.413202927360661,0.008,2.0,0.033,-2.3279086675897567
62.0,25.0,1.8898902173650858,2.740639529814158,0.012,12.0,0.036,-2.150919017890482
63.0,25.0,1.9611822601325428,2.8129297294051203,0.024,11.0,0.038,-1.8514879542066167
64.0,36.0,2.550875583659111,3.5482409156312187,-0.01,17.0,0.021,-2.6731259639818936
65.0,36.0,2.2528520483635375,2.70304988542152,-0.005,19.0,0.006,-2.9857925133024303
66,,2.0436299070747332,,,1,NaN,-0.38846202068770896
67,,1.7343125803732098,,,1,NaN,-2.8014399663275276
68.0,19.0,2.2158542852364134,3.0470868586024773,-0.007,13.0,0.033,-1.314805999420128
69.0,19.0,2.1712365886922456,2.9601393385174,0.004,12.0,0.034,-1.5571867139264588
70.0,2.0,2.766975803160645,4.207261878536649,0.003,11.0,0.064,-1.851216334227027
71.0,2.0,2.8116384915526784,3.955573608707179,0.002,10.0,0.052,-1.726256454503012
72.0,3.0,3.0133410897491206,4.280417064771583,0.014,10.0,0.059,-2.4248395534450684
73.0,3.0,2.7294358322194228,3.9480580776061105,0.034,10.0,0.056,-2.7345424637357274
74.0,12.0,2.3438979153030512,3.4117412024068394,-0.006,34.0,0.008,-1.6371658416152233
75.0,12.0,2.368680039970088,3.2046757954206817,0.006,13.0,0.029,-1.3436429292740377
76,,5.1394672318391565,,,1,NaN,-2.596849758094022
77.0,,3.6886697186226796,3.965245344486953,-0.014,4.0,0.085,-3.0311407671883495
78.0,,1.907172314488267,2.0747429404257636,0.0,5.0,-0.01,-0.4331693414499149
79.0,1.0,3.0253474479551072,4.047633876086267,0.005,9.0,0.052,-1.959518555549589
80.0,1.0,3.2104521919461027,4.307410974450052,0.013,9.0,0.057,-2.1383729183490927
81.0,28.0,2.6841595054296508,3.7434331345505845,0.003,9.0,0.052,-1.437635528309073
82.0,29.0,2.366284707912752,4.245187440470582,0.025,20.0,0.049,-0.6600596829398714
83.0,28.0,2.738021555543696,4.150144703838483,0.047,12.0,0.061,-1.9752438679307407
84.0,29.0,2.1881617752649616,3.1109149368285576,0.02,11.0,0.038,-1.9433429724466706
85.0,,1.0980715064017672,2.5457695239832923,-0.002,21.0,0.035,-1.4257729273815525
86.0,33.0,2.8935115786973404,5.0378675659206404,0.0,14.0,0.079,-1.3449504036866422
87.0,33.0,2.7843680437008036,3.5750543963734254,-0.004,8.0,0.043,-0.8075753655245161
88.0,,3.2769424350668763,3.1688699046493904,-0.004,32.0,-0.001,-1.3563238883197053
89.0,,5.9615002608848915,6.6129280009368285,-0.007,3.0,0.079,-2.518976727901276
90.0,,2.7312518157619072,3.0353684250056268,0.003,3.0,0.039,-2.814132872172961
91.0,16.0,1.9145589621039352,2.8037022789950656,-0.014,10.0,0.04,-1.9457915011929288
92.0,16.0,2.2845759814620523,3.1828821067775936,-0.009,10.0,0.042,-0.7597365358653178
93.0,21.0,1.8779405580664439,2.7339973773854362,0.002,16.0,0.024,-2.44888383801118
94.0,21.0,2.0129943302160016,2.93744272221152,0.007,18.0,0.028,-2.322498316381053
95.0,49.0,3.1342068908833434,4.26436792779458,-0.022,11.0,0.054,-2.928239506610142
96.0,49.0,1.6593130761427781,4.492621361360578,0.008,11.0,0.094,-1.7090592331538494
97.0,4.0,2.82107805259439,3.978946293125279,-0.015,9.0,0.06,-0.6680666151973901
98.0,7.0,2.9167610023847805,4.400147868301424,-0.017,9.0,0.074,-1.777791223450406
99.0,4.0,2.9516411907174773,3.9625967684782855,-0.009,8.0,0.059,-0.6075238538088709
100.0,7.0,2.9433182613722484,4.374062524759199,-0.013,10.0,0.066,-1.706863897998375
101.0,13.0,2.7678630603408156,3.8365843361414735,0.01,9.0,0.055,-0.7777071415722538
102.0,13.0,3.1919759771002307,5.203901483482346,0.019,13.0,0.07,-0.3021465821510366
103.0,17.0,1.5742448507149507,1.8475624183574386,0.018,29.0,0.002,-1.9542111366089203
104.0,17.0,2.1040322574693975,2.9071339170206847,0.004,13.0,0.024,-2.6397169701560474
105.0,26.0,3.3408940616719947,4.840576635442875,-0.011,9.0,0.077,-2.335550806022555
106.0,26.0,3.069109235100518,4.47271520214257,0.025,10.0,0.066,-1.853436689747372
107.0,53.0,5.789473909062369,6.66109770399099,0.016,3.0,0.156,-2.415717677778573
108.0,54.0,1.8354958143433677,1.8996055167572674,-0.013,2.0,0.013,-3.027899087695343
109,54.0,1.666838051714613,,,1,NaN,-2.7093271182038916
110.0,53.0,4.7327554682304465,4.973172303765819,-0.001,2.0,0.048,-2.6763088849344485
111,,2.0991245417113924,,,1,NaN,-2.651540597760456
112,,1.7198311875349068,,,1,NaN,-0.2608615113439344
113,,1.4938904753277655,,,1,NaN,-1.382278798311326
114.0,10.0,2.3323338680471166,2.621922359059072,-0.002,5.0,0.019,-0.7131390171809007
115.0,10.0,2.545278368663701,3.400119976750664,0.003,13.0,0.029,-0.798074317438139
116.0,13.0,3.736454645417009,5.228518959920722,0.031,9.0,0.074,-0.17560460528776256
117.0,13.0,3.406740005287372,4.487701867020039,0.001,7.0,0.069,-0.18612191805613212
118.0,11.0,3.1210496144359428,3.958212177869765,-0.01,7.0,0.055,-0.736990873737198
119.0,11.0,3.886293618124131,5.022120845201789,0.005,7.0,0.072,-1.267763738182838
120.0,14.0,3.3544866257729105,9.40400641320342,-0.009,26.0,0.103,-2.4348417931312833
121.0,14.0,3.5822725075810222,5.261757770918561,-0.004,10.0,0.073,-2.958221294053506
122.0,18.0,3.0508502652004506,4.203494499238978,0.003,8.0,0.069,-1.6590775441354735
123.0,18.0,2.5327841046882744,4.868919969372893,0.015,26.0,0.034,-1.766508497767892
124.0,27.0,2.2533038822942446,3.237356738949892,0.005,11.0,0.043,-2.7212131885174276
125.0,27.0,2.023072651444962,3.4052251959530926,0.039,17.0,0.038,-1.6475054963364324
126.0,27.0,2.079302518089615,3.3004334807887044,0.034,16.0,0.035,-0.9181753465915321
127.0,27.0,1.9383523358899997,3.0302139243622155,0.023,11.0,0.045,-0.9186561981003049
128.0,53.0,6.745229368563155,7.072548577423589,-0.015,2.0,0.065,-2.2537398038724676
129.0,38.0,4.709414881102592,6.884712106589542,-0.026,9.0,0.112,-2.9575001684401006
130.0,38.0,3.99814379127009,5.322078235368936,0.009,7.0,0.084,-3.063919900247874
131.0,,1.810638118491439,3.170457376919013,0.004,13.0,0.047,-0.8577748601936583
132.0,,1.2780514171787594,2.5049961255817026,0.016,8.0,0.049,-1.6342370085154458
133.0,53.0,2.6932656184873434,5.796920220744728,-0.004,20.0,0.058,-2.554800556186159
134,,2.655841581595273,,,1,NaN,-2.6305360060082745
135.0,,2.5384286481833622,2.290960980912809,0.004,13.0,-0.016,-1.280174361910455
136.0,8.0,4.54478785986767,6.307264190126919,0.005,13.0,0.059,-2.412237181928362
137.0,8.0,3.82795930692178,4.753979539289431,-0.002,25.0,0.01,-2.271949670987516
138.0,25.0,2.441927337352429,3.250351346667694,-0.016,8.0,0.049,-0.9181357080419995
139.0,25.0,1.9949326731003894,2.9960408763070916,-0.001,10.0,0.044,-1.8229073842031447
140.0,35.0,1.889606263508165,2.6723317542635168,0.026,17.0,0.026,-1.5259760159494902
141.0,35.0,1.7355445146253718,2.1634592887572,0.041,25.0,0.005,-1.0891969147617662
142,,1.8283431531793128,,,1,NaN,-0.3483969832753773
143.0,,1.7960927841247438,1.843799145413928,-0.0,5.0,-0.007,-2.648794339950239
144.0,1.0,3.029951416775279,4.2783918895371436,0.006,10.0,0.059,-2.100036106729145
145.0,1.0,2.950063299247136,3.9776231425923014,0.031,8.0,0.06,-1.9596582559065592
146.0,2.0,3.237417368363145,4.780073747230036,-0.007,10.0,0.075,-1.574242379199116
147.0,1.0,3.096492035720063,4.9508848400045045,-0.009,11.0,0.076,-1.8633363586063767
148.0,2.0,2.658373740931998,4.124952426635284,0.031,22.0,0.02,-1.7588228320112513
149.0,1.0,3.0476580892966205,7.095381760953093,0.03,24.0,0.069,-2.4794101831734494
150.0,3.0,3.2989366481228752,4.581345766898293,0.014,8.0,0.071,-2.7803245750678287
151.0,3.0,3.228860708685082,4.556989963700846,0.02,9.0,0.069,-2.5997529941725315
152.0,3.0,3.093550257102198,4.053678646478126,-0.033,7.0,0.058,-2.5255674594914033
153.0,3.0,2.8370663482736003,3.927698513401424,0.023,9.0,0.055,-2.6894553124695264
154.0,25.0,2.0514401131401288,3.0389035778074813,0.006,10.0,0.044,-1.6984442289188557
155.0,28.0,2.578210955309353,4.071140222730212,0.006,10.0,0.068,-1.555871321566808
156.0,25.0,2.364578924871698,3.380006601040126,0.024,9.0,0.052,-2.4202947495324327
157.0,28.0,2.7223185259032805,4.292850500636403,0.066,10.0,0.071,-2.025988894182481
158.0,33.0,2.2765576367252898,3.4202923160613126,-0.003,10.0,0.053,-1.50501281855664
159.0,33.0,2.663823919036341,3.7813942876618944,0.007,9.0,0.056,-1.364033451365439
160.0,53.0,3.7264792738560284,6.517299213423123,-0.012,24.0,-0.01,-2.0375161944662707
161.0,53.0,3.679087543810137,7.391103853644669,-0.016,16.0,0.097,-2.119039196029032
162.0,2.0,3.2523061886671383,4.082292500562238,-0.008,6.0,0.062,-1.9297316689038226
163.0,2.0,3.5210242999769474,4.8845196370416835,0.028,8.0,0.084,-1.8653989677160236
164.0,15.0,3.580634115494477,5.005742378983128,-0.006,9.0,0.076,-1.7729009440182264
165.0,15.0,2.8394454329593373,5.548819152361585,0.021,15.0,0.091,-1.7906192315828413
166.0,19.0,2.3801441351037416,3.479578924611027,-0.008,10.0,0.054,-1.454628448055851
167.0,19.0,2.0682977768513964,3.038194808686824,0.038,10.0,0.048,-1.1763545978498846
168.0,32.0,5.894961312668327,7.688132199414969,-0.013,6.0,0.122,-2.0051514823839374
169.0,32.0,4.9768541320121615,6.430339759616047,0.075,6.0,0.104,-1.9369067737047951
170,,2.554341963977619,,,1,NaN,-0.41641195177290924
171.0,19.0,2.4124476374690693,3.471938094635129,-0.01,13.0,0.038,-0.938400605111402
172.0,18.0,3.8512697882529636,5.031602462706731,-0.018,6.0,0.083,-2.340373046475303
173.0,19.0,2.236269326895633,2.8148670588872475,0.011,9.0,0.029,-1.446843865286248
174.0,18.0,3.8564678668764256,5.81437991445998,0.022,9.0,0.076,-2.8484942049013005
175.0,29.0,2.17734574984767,3.389628079417952,0.049,12.0,0.047,-2.757846891921203
176.0,29.0,2.4190596506706945,3.384361972925389,0.055,10.0,0.039,-0.8171955633262549
177,,2.148879419573024,,,1,NaN,-0.009323774027035844
178.0,4.0,2.846077404711463,4.134307861224077,-0.009,9.0,0.07,-0.734471059063515
179.0,4.0,2.972361150682734,4.77533802156912,-0.007,11.0,0.077,-0.7856107648992516
180.0,12.0,2.319922516654018,3.317866719300287,0.002,12.0,0.034,-0.7413063797509709
181.0,15.0,3.792957359150186,8.367369234306299,-0.022,21.0,0.094,-1.341028292160028
182.0,12.0,2.1822261193286803,2.803520233630471,0.003,21.0,0.008,-0.6514334396796625
183.0,15.0,4.125659296976136,4.802890682389575,0.033,21.0,0.007,-1.6624374621856213
184.0,28.0,3.299830448815262,4.726757631283004,0.069,8.0,0.079,-2.409882278981863
185.0,28.0,3.6851658392360434,7.341273776296936,0.079,15.0,0.119,-2.2108143188759453
186.0,,2.1817963893127206,2.0758968405337734,-0.005,2.0,-0.021,-0.40027330693848207
187.0,7.0,3.2274508862167126,6.515856633340751,-0.007,20.0,0.061,-1.8440061622728
188.0,4.0,2.9145301626590117,3.9913063932005803,-0.056,8.0,0.064,-2.3400548656044546
189.0,7.0,3.582648459191558,5.118641806032828,0.02,8.0,0.089,-1.6821205084640878
190.0,4.0,2.8969449858639957,3.8963631215974353,-0.011,7.0,0.06,-0.6059801086651546
191.0,13.0,2.975355397424089,4.38363205306986,0.017,10.0,0.065,-2.695427316220307
192.0,13.0,2.7028254555731204,4.528384547892842,-0.011,11.0,0.079,-0.3570675069558203
193.0,13.0,3.206427188652324,4.546149879222991,0.025,8.0,0.079,-1.2607198790140515
194.0,13.0,3.1751705563247747,4.063706442249326,0.002,7.0,0.057,-0.1543011677785465
195.0,16.0,2.1649551094745587,3.9200438793533756,0.007,17.0,0.043,-2.4423178175088016
196.0,16.0,2.022351007830072,2.8956356912462833,0.002,9.0,0.041,-1.1359099669571338
197.0,16.0,2.3291917363586494,3.300021695567831,0.012,9.0,0.046,-2.580807180632981
198.0,16.0,2.2878223354590856,3.1621995409386185,0.024,8.0,0.047,-1.9526684484127936
199.0,20.0,2.097808417629975,3.0174426439561843,-0.03,8.0,0.048,-1.234990137742715
200.0,20.0,2.1402881124177826,3.022418658211477,-0.026,10.0,0.041,-1.1322288065308528
201.0,26.0,3.6908668990019153,4.75017366775047,-0.067,6.0,0.069,-2.1631215551770233
202.0,26.0,3.553093516452065,4.474592285929645,0.038,6.0,0.07,-1.9173470146962492
203,,2.368216658056509,,,1,NaN,-3.107318585370407
204.0,7.0,3.3444610980663776,4.278512046010103,-0.029,6.0,0.066,-1.9016817848599563
205.0,11.0,2.671420906942992,5.985042835080385,-0.027,19.0,0.101,-2.7400842286769995
206.0,11.0,2.7834052997036833,4.149285643796057,-0.003,10.0,0.064,-0.6584307608507055
207.0,11.0,3.3277299668555074,4.34194860065635,-0.004,7.0,0.063,-2.1720779305742326
208.0,7.0,3.5364083010520044,5.551108163998548,-0.016,11.0,0.087,-1.9699523570058959
209.0,11.0,3.647023612102127,5.048498577998441,-0.013,9.0,0.074,-1.2701858810167066
210.0,26.0,3.777417687881127,5.348949651065432,0.028,8.0,0.089,-1.8841071815236352
211.0,26.0,3.194525102704783,5.209998314834211,0.069,19.0,0.042,-1.955140454842487
212.0,36.0,2.015394910587978,2.1885762068523977,0.008,14.0,0.025,-2.546676466234814
213.0,36.0,2.281110912283341,2.4390770167829987,-0.01,13.0,0.002,-2.3613002049320277
214.0,38.0,4.006025543819157,5.55924753086258,-0.025,7.0,0.098,-2.8020577804108022
215.0,38.0,3.457978700970203,4.457170539991474,-0.002,7.0,0.061,-2.1735832349762036
216.0,49.0,3.6161200523660653,5.915087551481488,-0.016,12.0,0.094,-0.6367881057760608
217.0,49.0,2.801774969371599,3.9145827340445205,0.008,8.0,0.066,-1.2380090631451166
218.0,49.0,4.051022652838842,5.473344300015295,0.015,9.0,0.069,-0.15433889630746425
219.0,49.0,3.175449081964016,5.829999282469092,-0.006,19.0,0.127,-0.29399171686445424
220,,1.558699824582629,,,1,NaN,-0.2885961069367304
221.0,18.0,3.393385520927617,4.651289933468484,-0.01,8.0,0.071,-1.8987945510206716
222.0,13.0,3.337108740967669,5.025755815478121,0.012,11.0,0.066,-0.3137249617176137
223.0,13.0,4.373632303289536,6.334555176511768,0.003,11.0,0.078,-2.0163766674016514
224.0,18.0,2.8235477422168724,4.322807253593487,0.014,9.0,0.07,-1.4793613350586698
225.0,33.0,4.953223900836445,6.409694465577613,0.009,6.0,0.108,-1.6118225311794
226.0,33.0,4.408818278948096,5.739796866971723,0.081,7.0,0.086,-1.4921858553206049
227.0,59.0,2.0054386957703736,3.2621501342668644,-0.008,17.0,0.033,-1.107260237381401
228,,2.627307902175659,,,1,NaN,-0.42282863951784694
229.0,,4.513292656135955,2.340688231625955,0.047,5.0,-0.109,-2.585071576930018
230.0,,1.8174803255310912,2.289898613624284,0.044,2.0,0.094,-0.08322395578710605
231.0,59.0,1.7591076904472844,1.5506028374023582,0.011,5.0,-0.006,-1.2148540939389867
232.0,2.0,2.904916508208666,4.26846310266839,-0.014,9.0,0.07,-1.9396669483016085
233.0,2.0,2.8302197056454665,4.043145896988825,0.005,8.0,0.072,-1.8715088974241036
234.0,3.0,2.6325519087211893,3.9664490665151377,-0.04,15.0,0.031,-1.610363225360453
235.0,3.0,2.9805615221517803,4.253248557945316,-0.017,9.0,0.067,-2.5720944038083124
236.0,20.0,2.148648534246206,2.0299203792224576,0.024,4.0,-0.013,-2.9343873295239034
237.0,20.0,2.353843096985475,2.2108173766624266,-0.024,11.0,-0.018,-2.624004213970196
238.0,32.0,5.679287403014497,6.78178844181182,0.009,17.0,0.019,-2.0317191794289595
239.0,25.0,2.4279084054446707,3.1239367320316913,-0.005,8.0,0.04,-1.6388659485134582
240.0,25.0,2.2794553411323637,2.8398755309274644,-0.042,6.0,0.043,-1.4991637720270914
241.0,32.0,4.723518597406361,5.505643414962539,0.026,17.0,0.011,-1.8912689668549059
242.0,32.0,4.9956785585215995,5.823592088114312,0.086,4.0,0.09,-2.1004225545498993
243.0,32.0,3.684248172560743,4.932001170699213,0.069,8.0,0.041,-1.3575855014943468
244.0,38.0,5.154578643070914,6.06609564248547,-0.062,4.0,0.093,-2.7101286031025085
245.0,38.0,5.421674357194877,7.117462513773666,-0.016,7.0,0.106,-2.8515774191261274
246,,1.6206080602180855,,,1,NaN,-0.2504269481233915
247,,2.0169356702884795,,,1,NaN,-2.8541585712703044
248,,5.573812857643041,,,1,NaN,-3.105791033169514
249.0,1.0,2.9931236061306983,4.392525085095691,-0.011,8.0,0.078,-2.0912411317323336
250.0,1.0,2.8911765655450163,6.447130461147112,-0.004,16.0,0.11,-1.9164218500079602
251.0,3.0,3.296267043124401,4.230337146467565,-0.01,7.0,0.061,-3.0018615621731324
252.0,3.0,3.2163724253655426,4.025140956427209,0.034,6.0,0.058,-2.7547908598007695
253,,1.6715124261812129,,,1,NaN,-0.1908197091957122
254.0,13.0,3.865823328511101,5.869044387679754,0.028,16.0,0.054,-2.8722312893371797
255.0,13.0,4.247678523728602,5.0567964086711115,-0.002,16.0,0.015,-0.3431191372502962
256.0,14.0,3.5395698206819257,4.842211468828763,-0.007,10.0,0.06,-0.7282757615447981
257.0,14.0,4.322840997473068,5.136025103012801,0.045,5.0,0.073,-2.615709845197137
258.0,17.0,1.7382359755008028,2.9229013985103975,-0.001,16.0,0.034,-3.0093770739083143
259.0,18.0,3.600808649090618,4.373743066162734,0.008,16.0,0.014,-2.296302793605509
260.0,17.0,2.0606865044469798,2.3330607976368882,0.01,16.0,0.003,-1.2632224491129458
261.0,18.0,3.347608662132436,4.3208075489830335,-0.006,7.0,0.062,-2.3196957640179634
262.0,,2.6477761760448897,2.7584561239035845,-0.007,9.0,-0.001,-0.3966085153439853
263,74.0,2.806426194091077,,,1,NaN,-3.12662335459463
264,74.0,2.6793021017809857,,,1,NaN,-3.074164907881024
265.0,2.0,3.5274039569752675,4.8230050356738685,0.046,7.0,0.088,-1.6124772940870897
266.0,2.0,3.880297330235007,5.05310721201751,0.104,6.0,0.087,-2.1666037626782506
267.0,3.0,3.266556600177712,4.524367763672512,0.009,9.0,0.064,-2.652751899284234
268.0,3.0,3.4849369435964355,4.271672528699451,0.065,6.0,0.062,-2.5228512539845878
269.0,3.0,2.5725354877604736,3.9140318834336343,0.017,10.0,0.064,-2.46705425992607
270.0,3.0,3.1897646430686426,5.381103613921149,0.061,12.0,0.089,-2.9887620313516696
271.0,27.0,2.5844449571019483,3.3457681371855434,0.006,8.0,0.043,-2.5202251353411063
272.0,27.0,2.184671188516146,2.89075230615522,0.039,12.0,0.026,-1.904934078808555
273.0,25.0,2.3420208662430184,3.383144517645715,0.063,12.0,0.039,-2.7992555973090725
274.0,25.0,2.2148666934630032,3.431731744702944,0.026,12.0,0.043,-1.4582185640500251
275.0,25.0,2.430648120849108,3.250070858775178,0.034,8.0,0.042,-0.8963044810539581
276.0,25.0,2.569963905099647,3.251654472538574,0.067,15.0,0.015,-2.4926174038878073
277.0,27.0,2.237164827102099,3.0420739895366973,0.054,8.0,0.044,-0.8570804438067054
278.0,33.0,2.802870956625714,3.9309086715828476,-0.009,8.0,0.064,-1.780215750510044
279.0,27.0,2.49697323067884,3.2829553684379387,0.069,7.0,0.048,-1.649349702712802
280.0,33.0,2.8068369760386043,4.1232400872506485,-0.002,9.0,0.067,-1.9947423399294968
281.0,42.0,3.0019312302031143,3.0652802507435886,-0.02,7.0,-0.002,-0.9586599112586734
282,42.0,5.969147133651884,,,1,NaN,-3.0492172905856667
283.0,1.0,2.749186084275992,3.2208076746878556,-0.004,14.0,0.009,-2.146133802097929
284.0,2.0,4.270889390083735,5.84440313483826,-0.013,7.0,0.1,-1.790414465575017
285.0,1.0,3.725853806687452,5.252745845124204,0.006,8.0,0.083,-2.216380809354442
286.0,2.0,3.4336310595092883,4.91333635388414,0.048,10.0,0.06,-1.2525803973266396
287.0,10.0,2.4154105853997527,2.3112226830659273,-0.005,7.0,-0.016,-1.8355885514578378
288.0,10.0,2.2311308816685984,2.7563865624013273,-0.003,14.0,0.021,-1.3956033314121739
289.0,15.0,4.456033326049855,5.817334772293687,-0.032,6.0,0.103,-1.6378818394610513
290.0,15.0,3.1607765650172555,4.357955409326278,-0.02,7.0,0.078,-2.1403025051412667
291.0,26.0,3.276046722052366,5.939428224006114,-0.043,13.0,0.102,-1.8385388228995545
292.0,26.0,3.1398238144951267,4.298732161250273,-0.001,8.0,0.068,-2.1898355677265675
293.0,21.0,1.8976404910586617,2.407244357643961,0.002,14.0,0.015,-2.0579348988918977
294.0,21.0,2.0850652286657314,2.8023103621310126,0.017,11.0,0.028,-2.6533646168981257
295.0,28.0,3.2453834345969828,4.192420754033867,-0.021,7.0,0.064,-1.8453083344770178
296.0,25.0,2.1929423671426034,3.100020078402299,0.012,14.0,0.018,-1.268684092081559
297.0,25.0,2.4576466576638873,3.6712247171895007,0.031,10.0,0.054,-2.117778532810946
298.0,33.0,2.483148857984343,4.537926970784626,-0.02,14.0,0.064,-1.8258071700266374
299.0,26.0,3.1439961924402295,4.4034287853865255,0.045,8.0,0.072,-1.9131764706299457
300.0,28.0,3.2350727898204075,4.847785545293666,0.002,9.0,0.08,-1.7770493033635952
301.0,33.0,2.7083849018782207,3.9195383905763572,0.026,9.0,0.059,-1.8401499657584668
302.0,26.0,2.9287479641046463,4.0361467531421304,0.11,8.0,0.064,-1.9531795827103104
303.0,28.0,3.428328828443638,5.021271427620799,0.075,14.0,0.033,-1.959529964884091
304.0,28.0,3.503139071956696,5.190131307014138,0.073,9.0,0.088,-2.1452606649890495
305.0,,2.813324197167308,2.920072494919985,-0.006,14.0,0.003,-3.0448639778340363
306,42.0,2.8089693687706325,,,1,NaN,-3.0738316607707645
307.0,42.0,4.918207404692385,4.295531077831335,-0.014,4.0,-0.072,-0.8210103989084427
308.0,,2.0930785583636924,3.641724780283249,0.006,2.0,0.31,-1.5929423815098258
309.0,1.0,3.5657945585932462,5.1460371994030165,-0.01,13.0,0.041,-2.1946304971744386
310.0,1.0,4.294782358966706,5.4466366424456005,0.011,6.0,0.069,-1.1413188556536997
311.0,7.0,2.6594298038059314,3.5918089525545307,-0.046,8.0,0.056,-1.9760036925830238
312.0,7.0,3.1986830455864905,4.353159430542116,-0.033,7.0,0.075,-2.0638593391731987
313.0,4.0,2.749441474826991,3.901527228840032,-0.028,8.0,0.07,-1.227617762711459
314.0,4.0,2.7210869715248003,3.280268178186483,-0.023,10.0,0.028,-1.0013904471269002
315.0,13.0,2.7030011455624536,3.615564049822877,0.006,13.0,0.024,-2.545863203626162
316.0,13.0,2.9046350141456068,4.766307391936747,0.018,13.0,0.058,-2.636304036884371
317.0,19.0,2.765578164946952,3.4326799226514355,-0.005,7.0,0.042,-1.3158726435756776
318.0,19.0,2.094199563305895,2.946311365660243,0.017,12.0,0.031,-0.9101906969250134
319.0,19.0,2.517053416355771,3.634009794314274,0.004,13.0,0.037,-1.2514636404380488
320.0,19.0,1.5843131721554338,1.834568106157604,0.027,13.0,0.005,-1.2028202988186447
321.0,18.0,2.708206128664953,2.779000700776852,0.053,13.0,-0.0,-2.444450276012565
322.0,18.0,4.534855546956425,4.676240132654078,0.039,13.0,0.003,-2.7986702246762087
323.0,19.0,2.2130303223714796,3.297318601841475,0.044,10.0,0.048,-1.589942977733115
324.0,29.0,4.3747407623292744,5.197946821845178,0.063,6.0,0.058,-1.174081028014233
325.0,19.0,2.565354163052148,3.473744920043138,0.037,8.0,0.051,-0.6464644104599697
326.0,29.0,3.3363565875579453,4.077372876630259,0.089,8.0,0.04,-1.5326321140389632
327.0,28.0,3.4141561636514073,5.232334510072631,0.067,10.0,0.081,-2.222997888190738
328.0,32.0,3.9957584999187428,4.965082553214961,0.168,5.0,0.086,-2.1638834082406118
329.0,28.0,3.6458081418488555,5.010462453864878,0.131,7.0,0.087,-2.3951292261324117
330.0,38.0,3.4898010698461186,5.3515755973767325,-0.035,11.0,0.066,-2.601485612265066
331.0,32.0,3.4513097055097273,4.415299686945346,0.144,11.0,0.034,-2.3577517187612496
332.0,38.0,4.118250050727265,4.9589735562711,0.002,13.0,0.017,-2.655379276277123
333.0,58.0,2.5168871134136994,2.5893185288703244,-0.003,3.0,0.008,-1.3322493214675262
334.0,58.0,2.3717982419952857,2.9767813094332696,0.018,7.0,0.027,-1.9062110578858122
335.0,,4.2200255506473345,4.039580888096514,-0.017,3.0,-0.027,-3.112606630688869
336.0,8.0,4.793121559344442,6.118596887360558,0.005,12.0,0.051,-2.234073635453182
337.0,4.0,3.1336748009926976,4.078374647563097,-0.017,7.0,0.061,-0.9888150433892682
338.0,4.0,2.9701929583777114,4.399796204327745,-0.063,9.0,0.074,-1.2491925876645007
339.0,7.0,3.65379348505762,4.280994238466354,0.006,4.0,0.068,-1.3368728216677301
340.0,4.0,3.200932823369867,4.132388218936533,-0.009,6.0,0.065,-1.3434491286914
341.0,8.0,3.94855642081542,4.431798869232356,0.033,12.0,0.011,-2.4058390142023858
342.0,7.0,4.056587242248089,5.205368845291552,0.023,6.0,0.079,-1.8719448107958356
343.0,11.0,2.9544667467395054,5.314650436647831,-0.033,12.0,0.089,-2.2895570713546034
344.0,4.0,3.155159448111617,4.320495159395066,-0.007,12.0,0.034,-1.0714214264680528
345.0,11.0,3.0126207141281545,4.258805937306558,0.048,8.0,0.069,-2.4483413104740794
346.0,13.0,3.212254557689586,4.281158521302097,-0.009,7.0,0.067,-3.0202210898434174
347.0,13.0,3.3510866319276102,4.1322132011642365,-0.031,6.0,0.062,-0.3007909013880435
348.0,20.0,2.2147594795760717,3.21013394164918,-0.053,11.0,0.039,-2.3867180135770973
349.0,20.0,2.020797554628011,2.8551486441626786,-0.039,12.0,0.028,-2.0049319126643455
350.0,16.0,2.069217302249341,2.9883393719893183,0.036,9.0,0.045,-2.477314249546429
351.0,16.0,2.3592761269320515,3.286028115509127,0.059,9.0,0.045,-1.1400902422737795
352.0,33.0,4.740635192511253,5.276207410797896,-0.056,3.0,0.076,-1.7293580135112319
353.0,21.0,2.5642041051465787,3.412951659396106,0.014,9.0,0.042,-2.4244348538781644
354.0,21.0,2.2915205444588547,3.1244734697950336,0.03,12.0,0.024,-2.384920355715335
355.0,33.0,4.222153803485445,4.946643799181268,-0.005,4.0,0.077,-1.796125437537215
356.0,29.0,2.2923283780352137,3.0944691669943096,0.056,9.0,0.039,-2.5953760121005973
357.0,29.0,2.2587652966236003,3.086895853012064,0.099,11.0,0.037,-2.61582291350012
358.0,38.0,3.5076091586860354,4.750903728360728,-0.07,7.0,0.077,-2.8391138383159693
359.0,38.0,3.506047966556934,4.7231002827709245,-0.009,7.0,0.081,-2.294619956464924
360.0,38.0,4.4478613845625015,5.63330721502902,-0.014,6.0,0.088,-2.5657256298070474
361.0,51.0,2.67008979904147,3.1398776509503015,-0.002,12.0,0.002,-1.339493854677521
362.0,38.0,3.0831884351532923,3.37393615332863,-0.008,4.0,0.045,-1.2781149518867554
363.0,51.0,2.583372430644527,3.19869071061705,-0.01,10.0,0.035,-0.8768146630969648
364.0,,1.9270425935700426,1.9092838261184164,-0.004,4.0,0.007,-2.5691746018774775
365.0,14.0,3.147282820779615,3.962003146775847,-0.009,5.0,0.068,-1.8808900617471367
366.0,14.0,3.4029308648957066,4.429262076993233,0.001,7.0,0.065,-2.6080621186299724
367.0,16.0,2.019493993140485,2.9640043883924396,0.023,11.0,0.035,-2.373066392344484
368.0,16.0,2.6289718306395033,3.564209961747494,0.012,8.0,0.051,-2.3293353606846168
369.0,16.0,2.191771546491636,2.9420306335447113,0.047,11.0,0.029,-2.3313454811610064
370.0,16.0,2.201673498866776,3.152214925303647,0.048,9.0,0.047,-1.9443594457391404
371.0,25.0,1.9636323064324284,2.8145507501195244,-0.01,11.0,0.034,-2.342839159812966
372.0,25.0,1.9388213255826965,2.8933740956243543,0.024,11.0,0.039,-2.191021584460365
373.0,26.0,4.216529797806922,7.110942578127885,0.141,11.0,0.126,-1.8399799405649162
374.0,33.0,4.133329167235455,6.609920247106199,0.055,9.0,0.126,-1.3281635106907728
375.0,26.0,3.776845947155384,4.416927587052382,0.096,10.0,0.024,-1.996733479486717
376.0,33.0,3.747980754643415,4.819815753307741,0.013,6.0,0.075,-1.5630388312033918
377.0,49.0,2.9349855457213336,4.187738510988889,0.001,8.0,0.067,-0.3082202258841009
378.0,49.0,2.7599256561493095,3.1545554389353594,-0.011,11.0,0.019,-1.3562772996444086
379,,6.471466649618133,,,1,NaN,-3.093303276982585
380.0,,4.933526918068808,4.924548199523041,0.056,2.0,-0.002,-1.5649299184811394
381.0,3.0,2.718011021202854,3.8616482170568083,-0.014,9.0,0.055,-2.1065832545494056
382.0,3.0,2.6087006227453053,3.7171463201682906,-0.064,9.0,0.058,-2.716499191689524
383.0,4.0,4.814037119247893,6.535219240014086,-0.003,7.0,0.107,-1.0228205882133434
384.0,13.0,3.6712225073355564,5.344188908878474,-0.052,10.0,0.067,-2.4989492134205493
385.0,18.0,3.5666782352649653,4.658701928795986,-0.035,6.0,0.081,-1.6255808776925544
386.0,13.0,2.999290091265093,4.082749933809538,0.062,10.0,0.036,-2.7527358241303728
387.0,11.0,3.8172953551405393,4.712606974767938,0.058,5.0,0.077,-1.1392324214593303
388.0,4.0,2.8349220166097013,3.003704423856612,-0.015,10.0,0.008,-1.1825801880588878
389.0,18.0,3.12928247140394,4.126365084605676,-0.001,6.0,0.071,-2.0236654823013587
390.0,11.0,3.798899325410856,4.538978411447499,-0.031,5.0,0.064,-1.4983031009638739
391.0,20.0,2.141250927319305,3.0330336318575934,0.018,10.0,0.036,-1.6832774238752002
392.0,20.0,2.259015919535227,3.178278217067318,-0.01,10.0,0.04,-1.0087644276548582
393.0,27.0,2.538258610788416,3.081762465286884,0.052,10.0,0.021,-1.2214722293777918
394.0,27.0,2.402369089001205,3.012148987152584,0.021,10.0,0.023,-0.21511381763171636
395.0,29.0,2.595325786371112,3.262060152521136,0.075,8.0,0.035,-1.7862832106493636
396.0,29.0,2.5060360833221016,3.3453511044369377,0.095,10.0,0.036,-2.479385207494183
397.0,38.0,4.7657064106515135,6.242368498409202,-0.038,6.0,0.1,-2.6745087395914826
398.0,38.0,4.891536371266471,5.637439788189283,-0.026,4.0,0.079,-2.596568153455998
399.0,49.0,4.420576125061602,4.889164013798734,0.011,4.0,0.047,-0.3278698119550399
400.0,49.0,2.871364553667602,3.2233465204303813,-0.003,10.0,0.013,-0.6067031307125991
401,,2.9674451795906847,,,1,NaN,-2.627122489915213
402.0,,7.695553804167024,7.131807758567214,-0.006,3.0,-0.044,-1.0459153245669295
403.0,2.0,3.2535885819144785,4.7752086206439355,0.013,8.0,0.086,-2.05768064524457
404.0,2.0,3.0504671598785476,3.9864105701137333,0.038,9.0,0.013,-1.8816434532095694
405,3.0,2.9572212950680226,,,1,NaN,-0.040142604736383265
406.0,3.0,2.8215918751766087,3.8730606792124314,-0.047,9.0,0.048,-1.560018518065985
407.0,2.0,3.4868049908554566,4.662527599974675,0.041,6.0,0.086,-2.4528996694186773
408.0,3.0,2.9032523137065738,4.25691277610605,-0.016,8.0,0.075,-2.6069798524391654
409.0,2.0,3.705507193275443,4.700257903794306,-0.01,9.0,-0.0,-0.9020148630391263
410.0,3.0,2.915597249725778,3.988777154319128,0.042,8.0,0.061,-2.2397988247899847
411.0,11.0,3.292230984470628,4.652462506788346,-0.031,9.0,0.071,-0.3425979884326864
412.0,11.0,3.2670906828459394,4.317850788769568,0.051,7.0,0.068,-1.3577590269860484
413.0,12.0,2.2883586606096316,2.515677945775162,0.021,9.0,0.009,-1.6382429209298206
414.0,13.0,3.800770151522496,5.027901672404654,-0.022,6.0,0.088,-0.37267078702527456
415.0,13.0,3.870953384938208,5.260789106476722,-0.023,7.0,0.088,-1.6095544986641366
416.0,12.0,2.308619574509188,2.422681384977991,0.01,9.0,0.002,-0.9639011203806063
417.0,18.0,3.2107314615900626,4.531071853365756,-0.03,8.0,0.077,-1.9747276923937924
418.0,19.0,2.5906556343325,3.2122147678064903,-0.014,9.0,0.033,-1.9878189016373315
419.0,19.0,2.406463871110688,3.1217574737202534,0.011,9.0,0.035,-1.073645377240659
420.0,18.0,3.2481226164295216,4.964637495866121,0.01,9.0,0.085,-1.1165164396018084
421.0,33.0,3.513808819394595,4.311129201757722,-0.058,6.0,0.059,-1.2110510543334951
422.0,18.0,2.6958335963297455,3.067442014675812,-0.007,9.0,0.013,-2.250453847692743
423.0,18.0,3.2931177506173945,4.6438471444919465,0.024,9.0,0.061,-2.2158019014833465
424.0,25.0,2.2318631522998147,2.9122032224419008,-0.001,9.0,0.036,-2.5655024496411323
425.0,33.0,2.861514442979508,3.912966338143341,-0.056,7.0,0.069,-2.3497748695289737
426.0,25.0,1.9760088046765008,2.7768042055070032,0.015,9.0,0.04,-1.6782739908979176
427.0,27.0,2.6979393038356627,3.4925713810781045,0.049,9.0,0.034,-2.094693209979397
428.0,27.0,2.762400585995519,3.3780955114635627,0.024,9.0,0.029,-0.2460762858878761
429.0,32.0,3.0709746825315274,3.0366335071177346,0.058,9.0,-0.002,-2.402756421943489
430.0,,2.874801036835148,2.9501365288286117,0.003,9.0,0.0,-1.0596680517782995
431.0,32.0,3.1068703563385256,3.08299152645347,0.031,9.0,-0.011,-1.6670521902076405
432,,8.980792262301959,,,1,NaN,-3.1289321146742046
433.0,,3.945901670612042,4.053190186245539,0.048,2.0,0.021,-1.7650438073567891
434.0,2.0,3.364466075967214,4.330770428362255,-0.044,7.0,0.064,-2.44072704353048
435.0,2.0,3.1239054584054884,4.0289641612999105,0.006,6.0,0.068,-2.1449255421948066
436.0,1.0,3.3368341450206964,4.304972157878093,-0.063,6.0,0.072,-2.4573233059425608
437.0,1.0,3.410878615187118,4.278954607463483,0.007,5.0,0.076,-2.238240557680861
438.0,2.0,3.5891065441119276,4.67687796204554,0.036,6.0,0.08,-0.9802810813227546
439.0,3.0,3.280498953133766,4.282918924858228,-0.02,8.0,0.053,-0.577117999783372
440.0,3.0,2.8731745101703168,3.9883298097892177,-0.041,8.0,0.065,-0.32885233564526495
441.0,2.0,3.6005383690359047,4.491357308672148,-0.028,5.0,0.077,-1.8690240581032664
442.0,3.0,3.25933114861782,4.25790786022141,-0.056,7.0,0.064,-1.8817601492142957
443.0,3.0,3.2636322694842814,4.14025219594532,-0.059,6.0,0.059,-2.506358635292872
444.0,7.0,2.6908341115387295,3.653026470217292,-0.03,8.0,0.057,-1.8964049409893025
445.0,7.0,4.154863158840027,5.415330687453301,0.001,6.0,0.094,-1.6614106713495678
446.0,7.0,2.7308613105651314,3.4845281692773704,0.014,8.0,0.04,-1.3258542430324134
447.0,15.0,4.306663406826444,6.001816946211796,-0.011,8.0,0.098,-1.590088911710012
448.0,7.0,4.892466005477109,6.915181706289891,0.018,8.0,0.109,-1.7251482254618071
449.0,15.0,4.141053670285976,6.091176107957594,-0.008,8.0,0.108,-1.479564353402806
450.0,15.0,5.0852751994148955,5.941125891319024,-0.064,4.0,0.09,-1.7656442718963168
451.0,15.0,5.48592228343834,6.259352014076679,0.017,4.0,0.084,-1.9093454037980253
452.0,33.0,3.072017322423456,3.970997541230615,-0.022,6.0,0.066,-1.9402456740548326
453.0,33.0,3.2942301869823263,4.383543944055254,0.03,7.0,0.071,-1.6761190706840756
454.0,27.0,2.3253625484823277,2.838570656628642,0.06,8.0,0.025,-2.7843695900260954
455.0,35.0,2.4260374537379694,3.150165815532482,0.057,8.0,0.04,-1.172079549644006
456.0,27.0,2.2496310001918323,3.1424391519499757,0.066,8.0,0.047,-1.9262179818191623
457.0,35.0,2.0336836600724864,2.6794291214967005,0.02,8.0,0.032,-0.27714373964315553
458.0,53.0,5.748094441051901,6.270053264520172,0.094,8.0,-0.021,-2.0409491903679573
459.0,32.0,3.3572939441246006,3.638972985431918,0.197,8.0,0.013,-2.4496495132114835
460,32.0,3.417915427347145,,,1,NaN,-2.422319504779843
461,53.0,5.7890062195784235,,,1,NaN,-2.298332015299389
462,,3.4930745581318776,,,1,NaN,-3.1212715171963294
463.0,2.0,3.5426578155301724,4.058402431519363,-0.012,7.0,0.026,-2.2753938242860876
464.0,2.0,4.980864749381231,6.17084304979562,0.029,5.0,0.097,-2.3568711351344356
465.0,1.0,3.0721330404714506,3.259943256650362,-0.013,7.0,0.009,-2.2640748724418245
466.0,1.0,3.3922629757712675,3.5209136905790004,-0.019,7.0,0.006,-1.6744905971126338
467.0,,1.3527690168328184,1.2872257993762186,-0.009,3.0,-0.011,-0.9913027554102678
468.0,13.0,4.290633184013328,4.4994624368725225,0.054,7.0,0.0,-0.4894122335642072
469.0,15.0,2.612472998482233,3.6422449598208964,0.023,7.0,0.062,-2.0306404193929626
470.0,13.0,3.525205780649601,3.6407539356312997,0.136,7.0,0.004,-1.0247513740145777
471.0,13.0,5.024196182654547,5.3790255270766085,-0.003,7.0,0.013,-0.11929814567271112
472.0,13.0,4.352751405237435,4.573614583176092,0.025,7.0,0.008,-2.46011183684462
473.0,15.0,3.8936453970369316,5.279569681638416,-0.004,7.0,0.088,-1.8328123595398977
474.0,28.0,3.074732265483944,4.232149261778302,0.004,7.0,0.07,-2.1106611156001893
475.0,28.0,2.8927919893807053,3.891453723282237,0.063,7.0,0.061,-2.079421760935181
476.0,27.0,2.276513615706581,2.5370001599775107,0.025,3.0,0.037,-2.3665102885204417
477.0,33.0,3.058086018555025,4.209433777815193,-0.015,7.0,0.071,-2.0302715260505906
478.0,27.0,2.2807830929715847,2.884795653508513,0.077,7.0,0.041,-2.004848906920795
479,29.0,6.59398973099872,,,1,NaN,-1.1896141966401326
480.0,25.0,1.8554736980018034,2.191783718900252,0.075,7.0,0.015,-1.7838229512441799
481.0,25.0,2.4493212536326614,2.8285317124064733,0.047,7.0,0.022,-0.10100661664861892
482.0,33.0,2.7742056515233835,3.8657524471659666,0.046,7.0,0.068,-1.7697545239995538
483,29.0,4.374309513302721,,,1,NaN,-0.7076035882486154
484.0,49.0,5.251748403733707,6.718313562666352,-0.022,7.0,0.092,-3.077329082054391
485.0,49.0,4.953386498324998,6.411334148022392,-0.036,6.0,0.111,-2.4197509674766606
486.0,,3.5416641615951683,2.8883153768863954,0.05,2.0,-0.131,-2.538144411370368
487.0,,5.017887550190592,9.65287810256996,0.126,5.0,0.035,-1.8481511163160345
488.0,1.0,3.6741296364653957,4.684267196731545,-0.018,6.0,0.068,-2.583997210974389
489.0,1.0,3.8237159671014798,4.23768468042326,0.018,6.0,0.025,-2.1349912037928926
490.0,3.0,3.4033833530344757,4.308506124502257,-0.04,6.0,0.062,-2.5341628874407807
491.0,3.0,3.3987553263316355,3.70107725008047,-0.01,6.0,0.019,-2.6252435796993985
492.0,7.0,3.3108358406516345,4.1868006574727135,-0.04,6.0,0.062,-2.209479038095545
493.0,4.0,2.7260649810702677,3.1000707240497296,0.003,6.0,0.023,-1.7190831730503546
494.0,7.0,2.9820585311862167,3.8638371004050054,0.001,6.0,0.063,-2.1207964632953646
495.0,,1.719039373964095,1.6934888738429752,-0.051,4.0,-0.0,-1.6677802518405311
496.0,4.0,2.940334216454582,3.7810405549880053,0.008,6.0,0.058,-1.3908443553307066
497.0,7.0,3.501978584383501,4.275657367890556,-0.006,6.0,0.047,-2.099009272349684
498.0,14.0,2.583124013132586,3.270722248337915,0.01,6.0,0.051,-1.635055473160288
499.0,7.0,3.381943451425479,4.194610766777961,0.002,6.0,0.056,-1.6640893461819257
500.0,14.0,3.0665964431565285,3.2411449228300513,0.001,6.0,0.01,-1.7045204771864029
501.0,13.0,2.987855465113203,3.7730185726454195,0.012,6.0,0.058,-0.2871317531615059
502.0,14.0,3.7824988268225908,4.441808678502103,0.034,6.0,0.045,-0.5368916805842262
503.0,14.0,2.668053438838849,3.4845851101491374,-0.007,6.0,0.056,-2.1072694978136544
504.0,13.0,2.902625362371207,3.6687076663423106,-0.029,6.0,0.054,-0.23723060218322475
505.0,19.0,2.350340078998626,2.748134071033433,-0.005,6.0,0.029,-1.0964476777322334
506.0,19.0,2.177894700347166,2.48306905145767,0.006,6.0,0.021,-1.6140050892724502
507.0,26.0,3.3046305495051573,4.271238244907575,0.043,6.0,0.067,-2.3101301084296377
508.0,26.0,3.163354552467263,3.7167118444920337,0.091,6.0,0.028,-2.3125684655391496
509.0,26.0,3.3509618450553718,3.3280895250149705,0.032,6.0,0.006,-2.041094443512763
510.0,29.0,3.249411808750794,3.8419548633417775,0.024,6.0,0.041,-1.5833221503275983
511.0,29.0,2.561810733618244,3.2262290428706115,0.05,6.0,0.041,-1.4992477172361027
512.0,26.0,3.1987728343168094,4.015940939257043,0.062,6.0,0.058,-1.8223493998830194
513.0,33.0,3.194613453108021,3.9697451261557872,-0.036,6.0,0.057,-1.828620167336206
514.0,29.0,3.68040663737085,4.259707051649991,0.076,6.0,0.04,-1.038103629417215
515.0,29.0,2.1990307672160645,2.523688579793339,0.07,6.0,0.019,-0.9838716844047228
516,33.0,3.072000730043548,,,1,NaN,-2.548106161253522
517.0,26.0,2.792943237873996,3.857011161768302,0.125,6.0,0.064,-1.8999178647785866
518,28.0,7.260739159966061,,,1,NaN,-2.1010854413556395
519.0,26.0,3.1558783867219553,3.89711535136106,0.193,6.0,0.047,-2.409558782258923
520.0,38.0,3.795668735346345,4.976296900550498,-0.053,6.0,0.084,-2.368932271183955
521.0,38.0,3.253763749683423,4.043832124624342,-0.033,6.0,0.054,-2.744478513026584
522.0,28.0,4.007813066403591,4.428879420800696,0.105,5.0,0.037,-2.230892297433425
523.0,38.0,3.868143948818444,4.953923026430833,0.022,6.0,0.079,-2.279362002026311
524.0,38.0,3.81320677080242,4.732171938135934,0.016,6.0,0.055,-2.2964708697180893
525.0,53.0,6.785818005764874,4.013436617532653,0.103,3.0,-0.336,-2.081110837204518
526.0,53.0,4.687336216818562,7.1402685314735255,-0.255,2.0,0.491,-2.0163123575632484
527,,2.2339683893592412,,,1,NaN,-0.07127808309812839
528.0,7.0,2.5828097384468256,3.1427020918136535,-0.033,5.0,0.046,-2.6287819227405564
529.0,7.0,2.657009494558535,3.2153440873765917,0.001,5.0,0.048,-1.9909984522578512
530.0,4.0,3.0534426716553575,3.5913977792345677,-0.041,5.0,0.045,-1.9211120366557473
531.0,4.0,2.8055614839730514,3.3291760063925686,-0.038,5.0,0.046,-0.7067211750661935
532.0,4.0,2.84394583472939,3.4626813608319664,-0.094,5.0,0.053,-0.5744498261706392
533.0,3.0,3.3219054882952066,4.018342967790675,-0.015,5.0,0.06,-2.5159890516361556
534.0,4.0,2.976704559065167,3.6564873505078523,-0.02,5.0,0.057,-1.6438448905276275
535.0,3.0,2.9912176790856932,3.732880448130621,0.041,5.0,0.061,-2.209930794959232
536.0,13.0,3.1390140982783423,3.547757839501397,0.075,5.0,0.037,-2.596902514324131
537.0,11.0,3.1982045266346364,3.868499838049888,0.032,5.0,0.054,-0.4625202528039484
538.0,13.0,3.0018635699154688,3.589668966711055,0.119,5.0,0.048,-2.3189140087821767
539.0,11.0,3.065406606956588,3.790263629493528,0.071,5.0,0.06,-1.0161545400030767
540.0,11.0,2.8473197539894737,3.5437266680419457,0.004,5.0,0.055,-2.1739628416954164
541,11.0,3.0619206065718307,,,1,NaN,-1.4878038481509508
542.0,28.0,3.3245279426224976,4.056768877336028,-0.013,5.0,0.06,-2.083550917276855
543.0,28.0,4.232200417292949,5.154820258659919,0.048,5.0,0.076,-1.8528072640305198
544.0,33.0,2.9578318410845204,3.647512579531594,0.043,5.0,0.057,-1.579095879226743
545.0,19.0,2.5901446420985725,2.924602426403102,0.024,5.0,0.024,-0.2605857736825427
546.0,19.0,2.0916249024374514,2.361045271470288,0.013,5.0,0.018,-0.35610053178860307
547,36.0,1.3580022549723925,,,1,NaN,-2.3872731513798633
548.0,33.0,2.9412367067096983,3.4703228976758176,0.088,5.0,0.044,-1.647220130974712
549.0,36.0,2.1667934962211057,2.2190269042300037,-0.007,2.0,0.01,-2.2462820290166494
550.0,33.0,3.242142688688572,3.8572944346601497,0.011,5.0,0.054,-1.470036154647279
551.0,33.0,3.4194110906544624,4.12916124610305,0.072,5.0,0.061,-1.8536003047853775
552.0,29.0,2.468602543225295,2.767840621076865,0.048,5.0,0.022,-1.9650486649651366
553.0,28.0,3.835504815492132,8.684176922730735,0.203,4.0,0.376,-1.8847976407072458
554.0,38.0,3.220917760040731,3.7356091199196557,-0.034,5.0,0.043,-2.6169819476890823
555.0,38.0,3.5993517506470867,4.453268102551055,-0.035,5.0,0.069,-2.828313237993592
556.0,29.0,2.8354174463726998,3.2321047382388506,0.052,5.0,0.028,-2.542163989918966
557.0,33.0,3.3527083920234393,3.9845100935294298,0.021,5.0,0.052,-1.8935454570490418
558.0,38.0,3.392386540479816,4.2376537756028565,-0.053,5.0,0.073,-2.4375495225579207
559,28.0,4.718829857805202,,,1,NaN,-2.05734363477066
560.0,38.0,3.6331144261095134,4.545496417455615,0.017,5.0,0.085,-2.2348900368137756
561.0,93.0,2.234592443540621,3.2607220392602914,-0.01,5.0,0.072,-0.9767806794994472
562.0,,2.809674179360695,2.1690536934803593,0.015,2.0,-0.128,-0.6455008581746029
563.0,,5.655125438337911,4.584394530548316,-0.023,5.0,-0.101,-0.1769342800644887
564.0,93.0,3.008702785326492,3.1321373923560056,0.013,2.0,0.025,-3.1022235318663443
565.0,,9.692397325666033,8.931577277251922,0.006,5.0,-0.03,-0.649288865388453
566.0,,3.0635057838754456,4.111621645880337,-0.064,2.0,0.21,-1.5567076511926357
567.0,,6.054451123644885,6.0414109114566905,0.005,3.0,-0.006,-0.04218412737577767
568.0,,16.712594349435253,16.952588082511287,-0.02,2.0,0.048,-3.1372355816999407
569.0,2.0,3.2594827030116607,3.365580496061976,0.014,4.0,0.01,-1.047899786120353
570.0,2.0,3.078481594832129,3.212571895456105,0.021,4.0,0.012,-0.9059647695473649
571.0,18.0,3.3145293941585514,3.8559932889320496,-0.019,4.0,0.053,-1.5114326302311023
572.0,18.0,3.24271077516073,3.725925540102825,-0.004,4.0,0.052,-1.3317233229191372
573.0,15.0,3.363846214689912,3.881801406363066,-0.083,4.0,0.058,-1.5642596764941439
574.0,11.0,3.090229291039221,3.5263236834803777,0.015,4.0,0.045,-0.3383657669061477
575.0,11.0,3.081656182974532,3.563060011409036,0.002,4.0,0.046,-0.9992090723340933
576.0,18.0,2.8466940469437167,3.315203918809914,-0.014,4.0,0.051,-1.9019742544372802
577,,1.4963302299457322,,,1,NaN,-2.8967522013818408
578.0,15.0,4.307225700946443,4.93420558578329,-0.036,4.0,0.068,-2.016363861891869
579.0,18.0,2.990527537623154,3.443583464866169,0.016,4.0,0.046,-1.4111779394582205
580.0,14.0,2.4694990920156257,2.9508449664824794,-0.029,4.0,0.052,-2.761714624286123
581.0,14.0,3.724214639127544,4.339902622649809,0.016,4.0,0.065,-1.5794015157121084
582.0,15.0,3.32185758615708,3.843555178330794,0.012,4.0,0.058,-1.6534171874322303
583.0,,3.364927258624445,3.8144222282142044,0.02,4.0,0.048,-1.2903337299173492
584.0,15.0,4.623078896134527,5.340779964318495,0.016,4.0,0.072,-2.3570738978725947
585.0,25.0,2.6294830280022414,2.891857443232076,0.034,4.0,0.032,-2.598230533457235
586.0,25.0,2.8805617760995386,3.29746886497803,0.022,4.0,0.038,-2.092821922237301
587.0,38.0,3.6046899098572376,4.09582383953402,-0.064,4.0,0.051,-2.6489984739382604
588.0,38.0,4.734129287265358,5.417907891271698,-0.024,4.0,0.069,-2.6665837900215763
589.0,53.0,3.3063582575093613,3.7836172240193924,0.224,4.0,0.05,-2.015767176108524
590,53.0,5.239225236667815,,,1,NaN,-2.0990775117743317
591.0,1.0,2.7690379254926465,3.079953556072899,-0.024,3.0,0.041,-2.2186726599822633
592.0,1.0,2.9306349691695823,3.1853124142066362,0.016,3.0,0.036,-2.074866082290644
593.0,2.0,2.9937553779934882,3.2653666925281706,-0.052,3.0,0.038,-2.0722179520855883
594.0,2.0,3.1740516016034572,3.501148870863608,-0.006,3.0,0.047,-2.2200514443124795
595.0,2.0,3.309915913419208,3.8345953680535665,0.007,3.0,0.067,-0.6873494175489712
596.0,4.0,3.6451534880273124,3.977243896331487,-0.041,3.0,0.047,-0.7254636568691538
597.0,2.0,3.3696219083405277,3.7008536230708162,0.046,3.0,0.046,-0.44228869998417064
598.0,4.0,2.028284968984832,2.2664450144565866,-0.021,3.0,0.032,-0.9451030875076348
599.0,4.0,3.2554493718541697,3.521898894131677,-0.099,3.0,0.039,-0.3688989905821238
600.0,4.0,4.463338841398027,4.90794222164601,-0.012,3.0,0.052,-1.2042042673799411
601.0,4.0,2.191432575951744,2.2433700176775297,-0.008,3.0,0.012,-1.4054093845343179
602.0,13.0,3.4430945652203113,3.7774118681148217,-0.009,3.0,0.043,-0.23648859230722827
603.0,3.0,5.367774888419543,5.74581185735686,0.04,3.0,0.048,-2.5695584199517945
604.0,13.0,3.7366806578324065,4.07132062406633,-0.039,3.0,0.046,-0.24196115989639977
605.0,3.0,4.32291564050635,4.648804736027506,0.039,3.0,0.044,-0.4466277744625134
606.0,4.0,4.924099354105915,5.213792281716157,0.004,3.0,0.048,-0.9996574385398825
607.0,33.0,2.88960991589217,3.1773347920780544,-0.033,3.0,0.04,-1.5122604413494323
608.0,16.0,3.1082130027265444,3.057390077002711,0.045,3.0,-0.007,-2.285629279266638
609.0,16.0,2.526446946458898,2.727961745013167,-0.021,3.0,0.028,-2.2789377042992833
610.0,33.0,2.804350185776701,3.033319598192993,-0.039,3.0,0.034,-0.48087212530463885
611.0,16.0,2.6356218906821396,2.575206196993515,0.04,3.0,-0.012,-2.215446761877301
612.0,16.0,2.505026313372047,2.6963444826708702,0.007,3.0,0.026,-2.3098411169620863
613.0,16.0,2.289845318463222,2.3687443120329488,0.01,3.0,0.011,-2.811582285265486
614.0,16.0,2.4168722345696176,2.6215852291974184,0.049,3.0,0.026,-2.098025657780772
615.0,16.0,2.019088653457585,2.1567686391067924,0.041,3.0,0.022,-2.6144385204952294
616.0,16.0,2.3253238871301227,2.546832849295573,0.051,3.0,0.031,-0.5501574700982143
617.0,21.0,2.0000972101822576,2.1070020680818344,0.009,3.0,0.015,-1.9704952278587455
618.0,21.0,1.8737646473826535,2.0553105635643587,0.03,3.0,0.028,-3.0772454527453257
619.0,21.0,2.1524082141336276,2.3567381817741206,0.025,3.0,0.026,-2.2893826343881454
620.0,21.0,2.609620193742067,2.734093378458832,0.031,3.0,0.016,-2.4743123650899714
621.0,25.0,2.5502733893316805,2.632925821427756,0.069,3.0,0.012,-1.3429952514991808
622.0,19.0,2.3663274540159387,2.5761019679314607,0.027,3.0,0.029,-2.8104350989566065
623.0,25.0,2.5845569235693944,2.6354747853170375,0.056,3.0,0.007,-1.402605744821507
624.0,19.0,2.6661118896993443,2.827681684090587,0.061,3.0,0.02,-2.6578426033174822
625.0,27.0,1.9436307617365693,2.022889354791786,0.008,3.0,0.009,-0.30966529589838393
626.0,27.0,1.8152059959795075,1.8532408756920038,0.002,3.0,0.007,-0.37407981837438253
627.0,25.0,2.4121144506676044,2.5446522005838275,0.017,3.0,0.016,-2.499513445180972
628.0,25.0,2.5861142839154354,2.6688975008400564,0.054,3.0,0.012,-2.565886305449642
629,28.0,4.240387641034841,,,1,NaN,-1.9810685448470569
630.0,29.0,1.9771283455763435,2.1341079223852106,0.06,3.0,0.022,-2.8106120513854322
631.0,28.0,3.8802693514921036,4.39177249676477,-0.032,3.0,0.058,-2.171390823850166
632.0,29.0,2.3326996525200054,2.505578638046756,0.07,3.0,0.023,-2.979103673749458
633.0,49.0,3.1747302223008367,3.4026709472121475,0.002,3.0,0.03,-0.40926044976933973
634.0,49.0,2.8666751233660475,2.946660480583849,-0.001,3.0,0.013,-0.48632479151183566
635.0,,2.1827084213888477,5.400539807659744,-0.027,2.0,0.644,-0.17159249227920004
636,99.0,7.597810962905546,,,1,NaN,-3.119819236550576
637.0,99.0,6.626554344161251,5.06850999612697,-0.059,2.0,-0.312,-0.04318267960114592
638.0,2.0,2.8679831144032093,2.9782022194659192,0.034,2.0,0.022,-2.0921174450058095
639.0,1.0,3.004264606634511,3.1726408198932026,-0.062,2.0,0.034,-2.2473566693647244
640.0,2.0,3.5328054004884324,3.7910098182066316,-0.001,2.0,0.052,-2.566039184729955
641.0,2.0,4.564276914240617,4.711125293655769,0.016,2.0,0.029,-2.9846219411749977
642.0,1.0,2.7732821089538415,2.8763308132916734,-0.038,2.0,0.021,-2.6186999331802148
643.0,2.0,2.884266538143445,3.067023769452823,0.069,2.0,0.037,-2.2350489042278214
644.0,2.0,2.9101862247551136,3.0639957694419633,-0.006,2.0,0.031,-1.591672922428911
645.0,2.0,3.3903820892184586,3.4964705503029743,0.004,2.0,0.021,-0.921252212299847
646.0,2.0,3.191520841370623,3.3367668698821378,0.016,2.0,0.029,-1.0054588523049501
647.0,3.0,3.126898242981014,3.3078507233145187,-0.091,2.0,0.036,-2.5636770833592424
648.0,3.0,2.778961157493634,2.913564701595959,-0.003,2.0,0.027,-0.923889720898406
649.0,2.0,5.025414562848846,5.078403941491777,-0.005,2.0,0.011,-0.654323589389941
650.0,2.0,3.6977852200864993,3.9034458491211916,-0.061,2.0,0.041,-0.8426693355782205
651.0,3.0,2.4003105360351618,2.5156615220281795,-0.053,2.0,0.023,-2.5365205543384177
652.0,3.0,2.6470051338386216,2.7513688099266025,0.012,2.0,0.021,-1.0066227602941873
653.0,7.0,4.329565346087757,4.570189841616296,0.003,2.0,0.048,-1.4469473867319094
654.0,,1.909807899830719,1.8741895009242473,-0.017,2.0,-0.007,-0.6984439982573983
655.0,11.0,3.1305955312443827,3.3835853337748993,0.064,2.0,0.051,-0.34666964266810263
656.0,11.0,2.9732969131992752,3.0876362136205704,0.088,2.0,0.023,-0.17971156170542377
657.0,7.0,3.3925654039449937,3.6054016937044446,0.011,2.0,0.043,-1.421509737237622
658.0,13.0,3.9461207780911525,4.07492469499,-0.013,2.0,0.026,-0.25400707846386766
659.0,13.0,3.5909935217872277,3.8017452951086392,-0.02,2.0,0.042,-3.0554357888122734
660.0,33.0,2.947177589171555,3.0919069631417067,0.005,2.0,0.029,-2.7317727540743784
661.0,,1.6601505593976424,2.246359358338,0.005,2.0,0.117,-0.9197741135723831
662.0,33.0,2.8388277250337217,3.058548178842572,-0.037,2.0,0.044,-2.306721657007687
663.0,16.0,2.495841706898931,2.572765779487998,0.029,2.0,0.015,-1.5866926161749122
664.0,16.0,2.214070273115347,2.288962966691445,0.001,2.0,0.015,-1.6150063661562832
665.0,33.0,2.5706453784657257,2.759838789415228,-0.052,2.0,0.038,-2.0959543445390247
666.0,33.0,2.8769564005585586,3.0428987531026763,-0.008,2.0,0.033,-2.071784985358703
667.0,33.0,5.339483152354652,5.635002845698729,0.037,2.0,0.059,-1.7514155148398474
668.0,29.0,2.0317627206692888,2.1392586608687045,0.025,2.0,0.021,-1.630123100468324
669.0,33.0,5.469996811774864,5.807149372033765,-0.018,2.0,0.067,-1.328996501087842
670.0,29.0,2.219382750088703,2.308820293798137,0.047,2.0,0.018,-1.7604810825910548
671.0,51.0,2.312907712826444,2.377949723424879,0.031,2.0,0.013,-0.49049957165005886
672.0,51.0,2.434832012148191,7.7500023674440754,0.06,2.0,1.063,-0.2856703128086512
673.0,,1.7939599376694761,2.5444256774030167,-0.037,2.0,0.15,-2.9793121977570713
674,,3.5960675936231756,,,1,NaN,-0.01677951249632364
675,2.0,3.1445897712971966,,,1,NaN,-2.8284893328439136
676,2.0,3.4087158575850434,,,1,NaN,-2.135952277569409
677,2.0,2.977226729612974,,,1,NaN,-2.892763535374916
678,2.0,3.8356062572821994,,,1,NaN,-2.196784235425697
679,3.0,2.875098189701575,,,1,NaN,-3.0158420358234204
680,3.0,2.8956615788326765,,,1,NaN,-3.057777651348259
681,3.0,2.820421790335117,,,1,NaN,-2.786181169163072
682,3.0,2.7538829132287312,,,1,NaN,-2.8847124008924134
683,3.0,3.1093339063405243,,,1,NaN,-1.0638036578727519
684,3.0,3.064404107038598,,,1,NaN,-2.4581007865186035
685,3.0,2.7157026043682015,,,1,NaN,-0.8871759603646862
686,3.0,3.2052142867068563,,,1,NaN,-2.5460015301217167
687,3.0,3.078729738492024,,,1,NaN,-2.2694468565360184
688,26.0,5.567048996698811,,,1,NaN,-1.7884275792578173
689,18.0,3.45125875104166,,,1,NaN,-2.1437367973215764
690,3.0,2.6136641603967057,,,1,NaN,-2.4733576572325746
691,20.0,2.5912428509102154,,,1,NaN,-2.972308264328544
692,20.0,1.9992607204238393,,,1,NaN,-0.03656620647745613
693,18.0,3.4052233583950846,,,1,NaN,-2.1859811933595097
694,26.0,5.309953930144635,,,1,NaN,-1.5762217104044023
695,19.0,2.1582636746259967,,,1,NaN,-1.0258075294847802
696,19.0,2.11710129981588,,,1,NaN,-0.7129383575272435
697,33.0,3.098436874678573,,,1,NaN,-1.4944835674973036
698,,2.600681776434408,,,1,NaN,-0.7103564450045529
699,33.0,3.1546016867137707,,,1,NaN,-1.6888120492464995
700,28.0,5.224733086327906,,,1,NaN,-1.7756457179451959
701,26.0,2.733377306968472,,,1,NaN,-1.8901604365167572
702,49.0,4.874949894538715,,,1,NaN,-2.554544821936207
703,26.0,2.6743474037301693,,,1,NaN,-1.8852632806274414
704,49.0,4.435018887889704,,,1,NaN,-2.8956246003283708
705,29.0,2.0518338423591107,,,1,NaN,-2.8351105704389568
706,29.0,2.154897023331498,,,1,NaN,-2.804657908632966
707,59.0,2.555796387413473,,,1,NaN,-2.9575801381928164
708,28.0,5.153156696971099,,,1,NaN,-2.001270894339285
709,59.0,2.5720332157366204,,,1,NaN,-0.6103553428454932
710,,3.3735815436214023,,,1,NaN,-2.155679151324158
711,,1.9680455886281607,,,1,NaN,-0.6087670200780654
712,,4.408984097080358,,,1,NaN,-3.08972323943141
