ImageNumber,ObjectNumber,AreaShape_Area,AreaShape_Center_X,AreaShape_Center_Y,AreaShape_MajorAxisLength,AreaShape_MinorAxisLength,AreaShape_Orientation,Location_Center_X,Location_Center_Y,Location_Center_Z,TrackObjects_ParentImageNumber_50,TrackObjects_ParentObjectNumber_50
247,1,239,154.0962343,7.560669456,31.08274096,9.947102492,69.87927023,154.0962343,7.560669456,0,0,0
247,2,293,266.4027304,12.17406143,32.07923945,11.71124033,-63.10386056,266.4027304,12.17406143,0,0,0
247,3,319,116.0250784,9.454545455,43.00692259,9.753275312,85.32354936,116.0250784,9.454545455,0,0,0
247,4,215,327.1162791,17.39534884,32.93979611,8.432034139,-28.00895647,327.1162791,17.39534884,0,0,0
247,5,265,211.7849057,11.23773585,37.25806029,9.302664712,79.02968903,211.7849057,11.23773585,0,0,0
247,6,397,334.1284635,37.16120907,70.81227849,8.107234357,-9.864139228,334.1284635,37.16120907,0,0,0
247,7,269,302.4237918,27.41635688,48.33067551,7.451482163,-16.0377833,302.4237918,27.41635688,0,0,0
247,8,208,151.6634615,15.74519231,29.11699641,9.267578991,72.32612682,151.6634615,15.74519231,0,0,0
247,9,609,214.9901478,27.22660099,93.25003558,9.185652717,-65.53394894,214.9901478,27.22660099,0,0,0
247,10,275,183.5345455,16.04363636,33.6166634,10.53243559,-84.67566213,183.5345455,16.04363636,0,0,0
247,11,156,351.9487179,21.53846154,21.69914624,9.190534341,0.202395963,351.9487179,21.53846154,0,0,0
247,12,552,487.6539855,43.22463768,71.67801413,10.19108048,-8.833918502,487.6539855,43.22463768,0,0,0
247,13,254,361.3622047,28.72047244,33.75538398,9.853873419,-0.800951139,361.3622047,28.72047244,0,0,0
247,14,54,126.8703704,17.98148148,9.96092047,7.225608533,-51.76347332,126.8703704,17.98148148,0,0,0
247,15,131,98.0610687,22.80916031,17.15737199,9.79510243,33.84558829,98.0610687,22.80916031,0,0,0
247,16,206,203.5776699,23.97087379,29.1213339,9.130815794,-59.23239002,203.5776699,23.97087379,0,0,0
247,17,273,448.8901099,31.32234432,41.86105565,8.684623548,-45.89231483,448.8901099,31.32234432,0,0,0
247,18,267,479.8876404,32.17228464,34.22993443,10.14103913,-8.353666927,479.8876404,32.17228464,0,0,0
247,19,219,237.3196347,24.63013699,31.94657757,8.847467055,-69.61020673,237.3196347,24.63013699,0,0,0
247,20,656,164.6859756,47.12042683,86.80785099,10.64628017,-47.51750455,164.6859756,47.12042683,0,0,0
247,21,96,89.22916667,26.01041667,12.49076012,9.796541791,55.23265306,89.22916667,26.01041667,0,0,0
247,22,168,375.3333333,28.94642857,22.8443183,9.483273321,49.63655004,375.3333333,28.94642857,0,0,0
247,23,46,444.326087,23.69565217,10.67748434,5.534803541,62.33722454,444.326087,23.69565217,0,0,0
247,24,42,308.9047619,28.07142857,12.39783567,4.973286651,-28.42151032,308.9047619,28.07142857,0,0,0
247,25,161,426.0807453,29.59006211,24.98461159,8.266203418,54.25044849,426.0807453,29.59006211,0,0,0
247,26,275,556.2036364,34.36363636,31.02987283,11.36808074,32.07085842,556.2036364,34.36363636,0,0,0
247,27,129,293.8604651,31.81395349,21.31102011,7.74285692,-22.36393118,293.8604651,31.81395349,0,0,0
247,28,302,72.71854305,40.91390728,42.0036274,9.931117077,21.67688674,72.71854305,40.91390728,0,0,0
247,29,270,60.93703704,40.28518519,34.41766035,10.2104128,16.79834112,60.93703704,40.28518519,0,0,0
247,30,275,503.2036364,43.28363636,36.21214961,9.780616134,3.975535843,503.2036364,43.28363636,0,0,0
247,31,70,537.2571429,31.94285714,13.81440366,6.697167118,26.49841042,537.2571429,31.94285714,0,0,0
247,32,246,420.5569106,36.33739837,31.46672246,10.10536965,53.26288579,420.5569106,36.33739837,0,0,0
247,33,284,132.8274648,33.96478873,54.15254492,8.920152896,-84.45216962,132.8274648,33.96478873,0,0,0
247,34,193,323.2124352,42.16062176,38.37636569,6.72367388,-28.97509026,323.2124352,42.16062176,0,0,0
247,35,289,465.183391,46.14186851,38.08173333,9.740987714,-15.83781062,465.183391,46.14186851,0,0,0
247,36,373,404.2654155,45.89008043,50.45101962,9.775573795,56.53582042,404.2654155,45.89008043,0,0,0
247,37,280,203.4071429,47.11071429,40.24230967,9.029768374,-41.50421724,203.4071429,47.11071429,0,0,0
247,38,143,450.3286713,43.6013986,27.34726799,7.387130274,-27.28144833,450.3286713,43.6013986,0,0,0
247,39,52,376.3846154,38.82692308,10.24718869,6.713571847,25.39489871,376.3846154,38.82692308,0,0,0
247,40,133,373,47.39849624,22.33669942,8.167712173,17.06671852,373,47.39849624,0,0,0
247,41,277,145.33213,47.36462094,37.11152332,9.773504864,-64.33514486,145.33213,47.36462094,0,0,0
247,42,259,552.6833977,52.50965251,33.37257257,10.2427155,33.72456873,552.6833977,52.50965251,0,0,0
247,43,66,346.0151515,45.37878788,13.88719307,6.208339634,-29.25218025,346.0151515,45.37878788,0,0,0
247,44,386,211.1580311,62.00259067,52.16780104,9.812048006,-23.57004686,211.1580311,62.00259067,0,0,0
247,45,190,185.0947368,49.13157895,31.53259986,7.876067013,-63.81904238,185.0947368,49.13157895,0,0,0
247,46,221,357.3122172,59.28959276,42.26683281,7.634628734,8.66946163,357.3122172,59.28959276,0,0,0
247,47,325,367.2769231,70.50461538,57.64292991,7.659930779,0.74637789,367.2769231,70.50461538,0,0,0
247,48,158,402.4240506,54.4556962,27.18243819,7.944679877,55.34353261,402.4240506,54.4556962,0,0,0
247,49,296,513.9662162,61.72297297,33.60000138,12.470905,0.672106519,513.9662162,61.72297297,0,0,0
247,50,113,166.9911504,53.55752212,20.56058578,7.092634485,-51.78453872,166.9911504,53.55752212,0,0,0
247,51,110,389.9454545,54.23636364,16.18331357,8.788151208,45.98893743,389.9454545,54.23636364,0,0,0
247,52,228,440.1842105,59.60087719,33.93647109,8.711536955,33.46245709,440.1842105,59.60087719,0,0,0
247,53,125,115.928,54.376,14.91839175,10.75065708,85.84598942,115.928,54.376,0,0,0
247,54,59,285.5254237,55.81355932,16.90300096,4.542830481,-38.24838499,285.5254237,55.81355932,0,0,0
247,55,207,105.9516908,63.8647343,26.22666801,10.19547633,-0.548809979,105.9516908,63.8647343,0,0,0
247,56,208,199.2403846,64.28365385,31.77386038,8.447705855,-36.79847038,199.2403846,64.28365385,0,0,0
247,57,210,178.2095238,63.68571429,29.86706941,9.037441727,-40.21990277,178.2095238,63.68571429,0,0,0
247,58,293,386.1979522,71.3890785,42.43084133,9.184563118,12.35958738,386.1979522,71.3890785,0,0,0
247,59,90,349.1444444,62.36666667,17.68049553,6.872135824,3.471945848,349.1444444,62.36666667,0,0,0
247,60,185,72.90810811,68.38378378,26.88776887,8.910633124,12.73115717,72.90810811,68.38378378,0,0,0
247,61,114,319.9649123,63.70175439,21.07097673,6.991911289,-32.42927614,319.9649123,63.70175439,0,0,0
247,62,227,132.7004405,67.54185022,29.14310818,10.0404264,-41.87334094,132.7004405,67.54185022,0,0,0
247,63,257,160.8210117,66.19455253,34.583349,9.589747969,-59.98626292,160.8210117,66.19455253,0,0,0
247,64,97,79.84536082,65.12371134,15.17249353,8.279456445,13.46015414,79.84536082,65.12371134,0,0,0
247,65,258,88.80232558,71.11627907,30.64775416,11.02347675,-41.99731778,88.80232558,71.11627907,0,0,0
247,66,243,431.2098765,73.97942387,35.53714458,8.855760935,31.99872301,431.2098765,73.97942387,0,0,0
247,67,83,342.0120482,67.8313253,14.77136462,7.486523988,0.965321369,342.0120482,67.8313253,0,0,0
247,68,222,375.518018,78.57207207,36.74909251,8.025390095,-8.025005255,375.518018,78.57207207,0,0,0
247,69,148,421.4459459,72.77027027,24.0584282,7.923847399,29.84016212,421.4459459,72.77027027,0,0,0
247,70,143,453.9160839,72.72727273,23.17073691,7.894155699,-19.61603004,453.9160839,72.72727273,0,0,0
247,71,302,418.6456954,90.35430464,58.28807697,9.253938833,11.92886815,418.6456954,90.35430464,0,0,0
247,72,166,565.3855422,76.01807229,19.88348489,10.66684542,27.30764338,565.3855422,76.01807229,0,0,0
247,73,316,106.5791139,86.0443038,45.01137619,9.467942353,-27.94499287,106.5791139,86.0443038,0,0,0
247,74,179,576.4357542,80.37430168,21.96010348,10.47179437,8.506531507,576.4357542,80.37430168,0,0,0
247,75,83,275.3614458,81.51807229,26.19126678,4.376179336,-35.66306568,275.3614458,81.51807229,0,0,0
247,76,175,507.0685714,81.81714286,22.55267863,9.947327454,23.89033598,507.0685714,81.81714286,0,0,0
247,77,168,411.125,88.05357143,36.0659425,6.225865143,17.97078713,411.125,88.05357143,0,0,0
247,78,196,53.98979592,82.3622449,24.60593526,10.22391191,47.87459399,53.98979592,82.3622449,0,0,0
247,79,142,97.97183099,83.26760563,20.16243498,9.043367967,-26.20680952,97.97183099,83.26760563,0,0,0
247,80,236,158.1016949,79.27118644,29.39511078,10.53527878,-80.61277623,158.1016949,79.27118644,0,0,0
247,81,118,493.8135593,79.98305085,18.39863155,8.277851111,53.73764558,493.8135593,79.98305085,0,0,0
247,82,284,112.7112676,91.35211268,39.56182019,9.271856492,-27.9253057,112.7112676,91.35211268,0,0,0
247,83,360,126.6361111,92.24444444,42.30329001,11.07255199,-41.0453275,126.6361111,92.24444444,0,0,0
247,84,230,257.2478261,99.12608696,51.38173346,6.750360918,-24.67460473,257.2478261,99.12608696,0,0,0
247,85,134,275.7462687,92.2238806,25.6935236,6.734544876,-26.61700218,275.7462687,92.2238806,0,0,0
247,86,123,381.7723577,93.14634146,24.82972584,6.876665991,-3.477001917,381.7723577,93.14634146,0,0,0
247,87,182,522.9835165,88.34615385,19.73634558,11.75319419,79.12000476,522.9835165,88.34615385,0,0,0
247,88,122,289.7131148,102.7459016,24.15867458,6.907492633,-9.051642038,289.7131148,102.7459016,0,0,0
247,89,263,75.00380228,99.3460076,31.94917067,10.83562491,57.71790816,75.00380228,99.3460076,0,0,0
247,90,63,282.6190476,98.26984127,16.76606956,5.530505409,-21.83234401,282.6190476,98.26984127,0,0,0
247,91,301,90.86710963,111.6478405,45.43062346,10.61924565,-4.912979359,90.86710963,111.6478405,0,0,0
247,92,245,259.8,112.2571429,43.16106986,7.73724146,-24.19236451,259.8,112.2571429,0,0,0
247,93,48,470.9791667,96.27083333,8.95282413,6.879901977,53.10925025,470.9791667,96.27083333,0,0,0
247,94,164,41.38414634,100.7560976,20.96785628,10.13383593,60.84687498,41.38414634,100.7560976,0,0,0
247,95,149,131.1543624,104.4630872,27.62803839,6.921893601,-37.50305979,131.1543624,104.4630872,0,0,0
247,96,94,487.0425532,100.0212766,13.34353001,8.941842351,-44.39708692,487.0425532,100.0212766,0,0,0
247,97,155,140.3290323,105.083871,27.17466043,7.370572823,-45.50277781,140.3290323,105.083871,0,0,0
247,98,76,149.3947368,109.1973684,17.77055446,5.660249029,-14.8022309,149.3947368,109.1973684,0,0,0
247,99,232,271.5344828,116.2025862,32.09174895,9.269666897,-18.28831208,271.5344828,116.2025862,0,0,0
247,100,147,70.17687075,114.0068027,20.96380798,8.942206696,29.00787776,70.17687075,114.0068027,0,0,0
247,101,118,44.84745763,113.8135593,16.91877853,8.944993278,12.84391877,44.84745763,113.8135593,0,0,0
247,102,125,97.568,113.696,18.74362962,8.544688914,-27.58609259,97.568,113.696,0,0,0
247,103,146,59.12328767,114.2260274,23.46590822,8.018138178,49.72222075,59.12328767,114.2260274,0,0,0
247,104,164,106.5731707,114.8536585,21.63541212,9.761429407,-35.86168573,106.5731707,114.8536585,0,0,0
247,105,104,176.25,114.625,19.96528086,6.781129266,49.8364677,176.25,114.625,0,0,0
247,106,112,223.2767857,118.875,19.49454413,7.391200251,-18.02118303,223.2767857,118.875,0,0,0
247,107,117,413.4700855,119.7264957,21.79771344,6.838099769,-11.71829103,413.4700855,119.7264957,0,0,0
247,108,97,154.443299,119.5051546,22.88580015,6.171320255,-9.90064619,154.443299,119.5051546,0,0,0
247,109,136,80.92647059,121.1985294,21.1445479,8.321645837,14.32617828,80.92647059,121.1985294,0,0,0
247,110,47,357.8297872,116.3617021,11.09274437,5.474365478,-21.46255531,357.8297872,116.3617021,0,0,0
247,111,177,61.24293785,125.5762712,34.92264847,7.089703899,46.9267128,61.24293785,125.5762712,0,0,0
247,112,114,212.3596491,120.5964912,17.55885205,8.317901421,-56.30117356,212.3596491,120.5964912,0,0,0
247,113,63,124.5079365,123.3650794,16.47223941,5.038743569,-6.850253804,124.5079365,123.3650794,0,0,0
247,114,318,241.8647799,137.0880503,47.30314454,8.815848769,5.932109502,241.8647799,137.0880503,0,0,0
247,115,97,551.5670103,122.8041237,22.77785675,5.824672909,60.39169864,551.5670103,122.8041237,0,0,0
247,116,164,378.445122,130.7073171,28.4106518,7.631863085,-8.339737641,378.445122,130.7073171,0,0,0
247,117,53,371.8679245,124.0566038,10.57838832,6.552644134,-10.68013793,371.8679245,124.0566038,0,0,0
247,118,234,428.4487179,135.491453,41.78245282,7.508090584,-30.37501685,428.4487179,135.491453,0,0,0
247,119,166,116.2771084,129.4578313,22.04712534,9.6763135,-6.602630298,116.2771084,129.4578313,0,0,0
247,120,116,99.64655172,129.4224138,16.54207236,9.01278173,16.27728148,99.64655172,129.4224138,0,0,0
247,121,156,400.6602564,131.8205128,26.5554263,7.567534964,-21.76574401,400.6602564,131.8205128,0,0,0
247,122,1584,546.9974747,169.5429293,164.9658467,65.45765406,14.84718514,546.9974747,169.5429293,0,0,0
247,123,118,571.7881356,130.8305085,16.3176788,9.521409084,41.16386832,571.7881356,130.8305085,0,0,0
247,124,150,218.1666667,131.2533333,20.14293339,9.585628764,65.57862546,218.1666667,131.2533333,0,0,0
247,125,248,461.3306452,139.4717742,32.56010304,9.75243464,-44.68415007,461.3306452,139.4717742,0,0,0
247,126,205,94.56585366,142.2439024,31.31294785,8.434542666,33.31551465,94.56585366,142.2439024,0,0,0
247,127,444,325.3400901,167.1081081,77.78932516,7.818289795,-8.150917623,325.3400901,167.1081081,0,0,0
247,128,159,447.7232704,141.4150943,23.58271977,8.592756922,-22.50292395,447.7232704,141.4150943,0,0,0
247,129,156,488.6602564,142.2948718,22.3195196,8.957793778,-4.80862425,488.6602564,142.2948718,0,0,0
247,130,638,533.2351097,172.1504702,90.43858009,9.649935136,-1.130566661,533.2351097,172.1504702,0,0,0
247,131,125,109.696,140.312,19.11180629,8.584095768,32.4765282,109.696,140.312,0,0,0
247,132,109,570.1743119,140.3577982,15.63036121,9.101945673,28.30473662,570.1743119,140.3577982,0,0,0
247,133,175,308.12,148.2742857,31.73880365,7.164391561,-7.645258378,308.12,148.2742857,0,0,0
247,134,78,478.4487179,142.0512821,18.77745413,5.400853169,-37.98007035,478.4487179,142.0512821,0,0,0
247,135,147,401.5646259,152.0816327,34.21400291,5.867353537,-25.59285323,401.5646259,152.0816327,0,0,0
247,136,126,410.6507937,148.8015873,27.66142864,6.016715951,-28.60164522,410.6507937,148.8015873,0,0,0
247,137,65,292.8769231,148.2615385,19.19499606,4.726351491,-5.780986681,292.8769231,148.2615385,0,0,0
247,138,92,504.3369565,143.7282609,10.89916472,10.75989387,23.8969697,504.3369565,143.7282609,0,0,0
247,139,195,262.0974359,165.3538462,45.74980587,5.762838309,-0.914731937,262.0974359,165.3538462,0,0,0
247,140,101,107.4257426,149.029703,18.7267123,7.140733972,31.03349972,107.4257426,149.029703,0,0,0
247,141,93,237.2688172,151.2150538,23.79380626,6.197598197,5.385384441,237.2688172,151.2150538,0,0,0
247,142,103,526.2621359,149.5436893,17.98438491,7.366604846,-1.04773974,526.2621359,149.5436893,0,0,0
247,143,110,543.5454545,148.0909091,16.87443854,8.431372046,-30.5071396,543.5454545,148.0909091,0,0,0
247,144,266,388.2857143,164.2368421,41.77120454,8.180325758,-22.58874457,388.2857143,164.2368421,0,0,0
247,145,203,473.5123153,161.0295567,44.69626543,5.981981522,-30.84234892,473.5123153,161.0295567,0,0,0
247,146,191,429.4921466,156.4973822,28.75558721,8.588615867,-60.09136325,429.4921466,156.4973822,0,0,0
247,147,85,286.7411765,158.1294118,16.4394635,6.779173164,22.06518042,286.7411765,158.1294118,0,0,0
247,148,451,504.6053215,169.1929047,44.34138087,23.03059513,-19.78039315,504.6053215,169.1929047,0,0,0
247,149,755,385.9417219,201.605298,135.2720403,26.78664142,-20.7562177,385.9417219,201.605298,0,0,0
247,150,225,439.36,160.6977778,33.71569251,8.590521877,-60.72801093,439.36,160.6977778,0,0,0
247,151,140,572.8142857,161.1928571,19.70987219,9.082306165,6.014897347,572.8142857,161.1928571,0,0,0
247,152,93,106.688172,163.2365591,19.67041813,6.120638013,3.644595103,106.688172,163.2365591,0,0,0
247,153,271,292.1512915,173.6642066,36.78750629,9.477483496,-23.56117907,292.1512915,173.6642066,0,0,0
247,154,210,224.352381,176.0904762,36.01524081,7.613517534,-26.65479581,224.352381,176.0904762,0,0,0
247,155,144,282.3819444,174.5138889,24.43113995,7.586829851,-11.76960295,282.3819444,174.5138889,0,0,0
247,156,172,306.1511628,176.1104651,29.03834387,8.00173077,-14.33912988,306.1511628,176.1104651,0,0,0
247,157,162,497.1111111,171.0987654,21.19820472,9.891312726,-73.77671993,497.1111111,171.0987654,0,0,0
247,158,336,293.9107143,191.3511905,51.15473425,8.499124324,-20.10578956,293.9107143,191.3511905,0,0,0
247,159,139,432.7553957,175.4604317,19.14102862,9.311853467,63.87047301,432.7553957,175.4604317,0,0,0
247,160,149,359.6241611,182.6308725,23.77618233,7.981394476,-1.100156934,359.6241611,182.6308725,0,0,0
247,161,194,578.4329897,182.5412371,25.88406548,9.620565237,-7.50359811,578.4329897,182.5412371,0,0,0
247,162,168,106.7083333,184.5952381,25.15646051,8.553950461,-0.485888136,106.7083333,184.5952381,0,0,0
247,163,279,220.7956989,196.7168459,59.31914279,6.81384184,-29.09847562,220.7956989,196.7168459,0,0,0
247,164,108,540.4351852,180.6388889,16.26031341,8.492069211,-5.4640991,540.4351852,180.6388889,0,0,0
247,165,103,516.9029126,179.8640777,14.24248186,9.237242899,-26.03400449,516.9029126,179.8640777,0,0,0
247,166,391,568.5703325,210.4143223,79.02791994,8.664090545,-7.588159092,568.5703325,210.4143223,0,0,0
247,167,208,520.4855769,188.7740385,33.49546784,8.119462781,-34.18942769,520.4855769,188.7740385,0,0,0
247,168,41,312.2682927,181.9268293,10.17371905,5.136149644,-32.94480618,312.2682927,181.9268293,0,0,0
247,169,190,246.0789474,198.1631579,43.14847741,6.430116989,-15.14098679,246.0789474,198.1631579,0,0,0
247,170,176,373.7386364,194.4375,32.97361973,7.156905097,-12.53166695,373.7386364,194.4375,0,0,0
247,171,98,314.4795918,191.2653061,22.58465036,5.985074364,-22.87865904,314.4795918,191.2653061,0,0,0
247,172,42,498.5,186.7142857,12.50759145,4.717418118,-62.291362,498.5,186.7142857,0,0,0
247,173,54,215.0185185,195.9259259,10.5927515,6.531714943,-32.83171057,215.0185185,195.9259259,0,0,0
247,174,137,501.9124088,201.9708029,27.40247359,6.567239152,-32.48038441,501.9124088,201.9708029,0,0,0
247,175,711,241.6849508,247.02391,124.6490606,10.59398135,-9.1667062,241.6849508,247.02391,0,0,0
247,176,85,107.1058824,205.2588235,16.36306063,6.692329262,-7.853411579,107.1058824,205.2588235,0,0,0
247,177,73,208.6164384,206.4794521,14.7039569,6.333870461,-35.44732427,208.6164384,206.4794521,0,0,0
247,178,236,545.0677966,218.4110169,22.55994966,14.28763722,1.178149881,545.0677966,218.4110169,0,0,0
247,179,86,475.6627907,216.5465116,18.36871624,5.991584047,-27.96045095,475.6627907,216.5465116,0,0,0
247,180,81,216.4197531,216.962963,17.75983316,6.091413664,-38.74556146,216.4197531,216.962963,0,0,0
247,181,92,291.75,220.3152174,19.4484526,6.075115611,-4.300151948,291.75,220.3152174,0,0,0
247,182,134,537.8880597,226.5223881,23.04939701,7.533630863,23.34402747,537.8880597,226.5223881,0,0,0
247,183,173,483.583815,237.8323699,33.79339222,6.734401253,-29.92912334,483.583815,237.8323699,0,0,0
247,184,161,108.9503106,236.5279503,25.25904423,8.182133836,7.578305517,108.9503106,236.5279503,0,0,0
247,185,144,535.5555556,237.7986111,25.26033153,7.348137621,22.80296072,535.5555556,237.7986111,0,0,0
247,186,94,461.9148936,239.2021277,19.34952825,6.739578782,-7.446734858,461.9148936,239.2021277,0,0,0
247,187,79,419.6202532,238.1392405,16.45593652,6.316730135,7.533488028,419.6202532,238.1392405,0,0,0
247,188,302,547.9337748,250.8576159,44.75358762,8.882231493,3.424175374,547.9337748,250.8576159,0,0,0
247,189,178,336.752809,247.2359551,29.87184116,7.702775107,-35.64403873,336.752809,247.2359551,0,0,0
247,190,68,486.75,248.3235294,17.48234821,5.010441628,-17.18315786,486.75,248.3235294,0,0,0
247,191,208,569.7451923,247.9615385,24.18060792,11.06645697,-75.36449182,569.7451923,247.9615385,0,0,0
247,192,413,352.4697337,273.7699758,72.98829311,8.085073614,9.151273921,352.4697337,273.7699758,0,0,0
247,193,312,372.2211538,270.5192308,49.98098131,8.059727003,7.778135269,372.2211538,270.5192308,0,0,0
247,194,81,460.0123457,262.2469136,24.08214587,4.576996174,3.220940262,460.0123457,262.2469136,0,0,0
247,195,99,576.8484848,257.3131313,16.51172424,7.785804567,-17.87904878,576.8484848,257.3131313,0,0,0
247,196,296,346.9628378,279.4797297,49.10374535,7.869476312,7.11579124,346.9628378,279.4797297,0,0,0
247,197,220,567.5636364,272.45,31.18411517,9.094992847,28.91869028,567.5636364,272.45,0,0,0
247,198,139,339.323741,271.6043165,25.13764382,7.55623855,9.790842296,339.323741,271.6043165,0,0,0
247,199,97,380.4123711,267.9175258,18.23479774,6.952166792,24.50950626,380.4123711,267.9175258,0,0,0
247,200,51,329.4705882,268.745098,12.78655724,5.291458462,39.59653491,329.4705882,268.745098,0,0,0
247,201,129,432.9069767,278.4573643,28.14350779,6.483748698,29.00726628,432.9069767,278.4573643,0,0,0
247,202,320,395.471875,288.5625,45.56495263,9.255265278,24.67950598,395.471875,288.5625,0,0,0
247,203,50,231.56,276.26,12.38580082,5.26238901,-14.84277378,231.56,276.26,0,0,0
247,204,74,244.7567568,279.2702703,14.20613589,6.75157788,3.566761285,244.7567568,279.2702703,0,0,0
247,205,99,104.7676768,285.5656566,17.57560558,7.288005584,-12.40240889,104.7676768,285.5656566,0,0,0
247,206,130,444.3923077,285.5461538,19.7375131,8.404861737,19.01313784,444.3923077,285.5461538,0,0,0
247,207,403,573.2158809,293.8188586,38.06356995,16.85489609,29.73428767,573.2158809,293.8188586,0,0,0
247,208,191,563.4397906,294.4712042,33.90206938,7.312214028,28.55344962,563.4397906,294.4712042,0,0,0
247,209,85,454.7882353,288.7058824,18.66608663,5.962063952,28.86465017,454.7882353,288.7058824,0,0,0
247,210,65,203.7846154,291.9538462,19.72389008,4.476380524,-1.860647091,203.7846154,291.9538462,0,0,0
247,211,128,109.8671875,295.9296875,18.31046731,8.922749505,-12.5003947,109.8671875,295.9296875,0,0,0
247,212,199,85.69346734,310.5979899,43.14507506,7.059064667,-8.273126026,85.69346734,310.5979899,0,0,0
247,213,118,557.8728814,299.5338983,18.47725677,8.254971756,19.67845478,557.8728814,299.5338983,0,0,0
247,214,106,445.254717,300.5566038,22.47478369,6.263282269,36.07554436,445.254717,300.5566038,0,0,0
247,215,84,101.7380952,299.7261905,13.20058343,8.235805809,-10.37996764,101.7380952,299.7261905,0,0,0
247,216,42,242.3095238,299,13.5591303,4.292625011,-26.85408078,242.3095238,299,0,0,0
247,217,187,456.2245989,303.3101604,27.0281529,8.923263019,36.48712466,456.2245989,303.3101604,0,0,0
247,218,119,328.1344538,298.6890756,16.87015909,9.016251782,73.71648948,328.1344538,298.6890756,0,0,0
247,219,172,387.9069767,306.8197674,33.44837272,6.743767576,30.18934382,387.9069767,306.8197674,0,0,0
247,220,49,362.5714286,300.3265306,10.21569312,6.238048577,3.685521848,362.5714286,300.3265306,0,0,0
247,221,192,382.8177083,312.421875,30.06564665,8.186017618,28.47177196,382.8177083,312.421875,0,0,0
247,222,217,295.9723502,312.0921659,40.88540652,6.883855225,-58.72947665,295.9723502,312.0921659,0,0,0
247,223,48,77.77083333,309.125,18.24156951,4.060566139,-31.22740109,77.77083333,309.125,0,0,0
247,224,118,201.8305085,317.8050847,33.57659204,5.519077063,0.893252112,201.8305085,317.8050847,0,0,0
247,225,151,568.6688742,316.0331126,20.70447391,9.359094133,26.18479231,568.6688742,316.0331126,0,0,0
247,226,124,383.0483871,325.8145161,23.84726269,6.882244862,40.76553839,383.0483871,325.8145161,0,0,0
247,227,275,372.9963636,337.9236364,47.65036883,7.547890713,34.07296547,372.9963636,337.9236364,0,0,0
247,228,103,374.6699029,327.592233,16.57467536,8.030440781,33.74574581,374.6699029,327.592233,0,0,0
247,229,115,345.0521739,340.4521739,19.5092473,7.576019735,2.699385476,345.0521739,340.4521739,0,0,0
247,230,407,329.5798526,371.1818182,76.80833472,10.56004814,-21.87949742,329.5798526,371.1818182,0,0,0
247,231,56,195.0357143,351.4642857,16.66785658,4.391423217,-25.23214287,195.0357143,351.4642857,0,0,0
247,232,453,125.9448124,350.3222958,83.93367432,11.75003626,84.73268736,125.9448124,350.3222958,0,0,0
247,233,64,366.15625,352.9375,12.77637197,6.878313329,14.53142756,366.15625,352.9375,0,0,0
247,234,270,339.9555556,368.5703704,41.71773701,8.336951893,-14.22505331,339.9555556,368.5703704,0,0,0
247,235,422,373.7156398,381.0118483,69.92726433,9.92436701,36.18568509,373.7156398,381.0118483,0,0,0
247,236,231,180.4761905,379.7532468,44.44585422,7.208587239,-30.78219054,180.4761905,379.7532468,0,0,0
247,237,325,364.0461538,381.2092308,49.57111885,8.747419348,32.64243862,364.0461538,381.2092308,0,0,0
247,238,45,191.5111111,374.2444444,17.92384056,3.771254363,-35.78299184,191.5111111,374.2444444,0,0,0
247,239,137,381.3357664,382.3649635,29.7849759,6.095390717,37.44497389,381.3357664,382.3649635,0,0,0
247,240,154,297.474026,385.5649351,28.33219707,7.121435481,-19.193039,297.474026,385.5649351,0,0,0
247,241,78,163.4230769,391.3205128,24.84831174,5.002819371,-21.82099439,163.4230769,391.3205128,0,0,0
247,242,99,328.7474747,394.5353535,21.57040643,6.128299305,-12.82032154,328.7474747,394.5353535,0,0,0
247,243,67,301.2835821,393.4477612,14.23697538,6.09200274,-23.49528131,301.2835821,393.4477612,0,0,0
247,244,84,222.2857143,403.8809524,26.03353623,4.614492403,-39.3808208,222.2857143,403.8809524,0,0,0
247,245,72,320.1388889,403.8611111,16.68361337,5.591241661,-8.073761466,320.1388889,403.8611111,0,0,0
247,246,578,203.9878893,448.0086505,103.8536957,9.684903101,-6.396863475,203.9878893,448.0086505,0,0,0
247,247,147,285.3673469,405.2040816,28.11049324,7.73774126,57.87125397,285.3673469,405.2040816,0,0,0
247,248,291,149.1030928,416.9312715,46.77718863,8.107070812,-45.6815744,149.1030928,416.9312715,0,0,0
247,249,122,222.9918033,413.9180328,23.80720684,6.603039652,-53.42089796,222.9918033,413.9180328,0,0,0
247,250,176,251.8295455,421.7897727,27.38129508,8.262838113,-13.48914711,251.8295455,421.7897727,0,0,0
247,251,177,242.6271186,429.0451977,27.79042295,8.296076726,-15.64565738,242.6271186,429.0451977,0,0,0
247,252,234,178.4444444,434.4102564,42.79872721,7.457350189,-40.95576609,178.4444444,434.4102564,0,0,0
247,253,145,462.4344828,431.5862069,28.60570088,6.518574074,-0.504729656,462.4344828,431.5862069,0,0,0
247,254,44,132.7727273,422.3863636,11.2041614,5.622768691,-44.92185125,132.7727273,422.3863636,0,0,0
247,255,50,193.18,426.5,17.83363545,4.996303305,-14.750305,193.18,426.5,0,0,0
247,256,135,161.8222222,433.1777778,25.58735793,6.948075719,-47.21933439,161.8222222,433.1777778,0,0,0
247,257,132,217.1969697,438.2121212,19.87344211,8.475071177,-15.82764528,217.1969697,438.2121212,0,0,0
247,258,227,433.69163,437.0792952,29.55867568,9.980247816,59.4383907,433.69163,437.0792952,0,0,0
247,259,81,265.308642,436.8148148,20.7213236,5.255056783,52.88933625,265.308642,436.8148148,0,0,0
247,260,122,338.7295082,445.5901639,25.76935465,6.891450813,9.644153317,338.7295082,445.5901639,0,0,0
247,261,121,179.446281,443.4876033,22.40680711,6.930737675,-44.32970908,179.446281,443.4876033,0,0,0
247,262,134,264.4552239,444.4179104,26.57930814,6.799728107,52.92744312,264.4552239,444.4179104,0,0,0
247,263,43,326.6511628,444.0930233,15.74950146,4.081476429,13.31798088,326.6511628,444.0930233,0,0,0
247,264,57,331.8070175,443.1403509,10.76935168,7.236931175,15.55643443,331.8070175,443.1403509,0,0,0
247,265,273,232.3443223,461.040293,60.13271318,7.120767648,-26.77650626,232.3443223,461.040293,0,0,0
247,266,83,185.4939759,447.8674699,20.09928558,5.424376273,-43.18829717,185.4939759,447.8674699,0,0,0
247,267,223,144.7174888,449.2780269,43.81433038,7.791946826,-60.96151506,144.7174888,449.2780269,0,0,0
247,268,577,251.5285962,464.0623917,70.06031053,45.69893434,-65.69015769,251.5285962,464.0623917,0,0,0
247,269,627,303.9106858,475.261563,65.65989481,14.0739431,-16.90102774,303.9106858,475.261563,0,0,0
247,270,114,219.754386,455.877193,19.1522851,7.603158006,-25.87274156,219.754386,455.877193,0,0,0
247,271,161,71.00621118,455.0124224,24.70055171,8.362376955,-74.21345253,71.00621118,455.0124224,0,0,0
247,272,94,328.7553191,455.8617021,18.35120475,6.601998561,-44.73671196,328.7553191,455.8617021,0,0,0
247,273,155,24.33548387,462.8387097,24.98819084,7.990664162,0.025186029,24.33548387,462.8387097,0,0,0
247,274,136,243.2647059,466.5441176,36.66091202,5.379863186,-25.75430122,243.2647059,466.5441176,0,0,0
247,275,124,168.6532258,461.9193548,22.16863029,7.278416595,-37.85207409,168.6532258,461.9193548,0,0,0
247,276,188,316.1755319,468.2287234,32.952803,7.340922556,-8.321807876,316.1755319,468.2287234,0,0,0
247,277,158,280.2974684,467.8164557,29.61304153,6.993598825,13.81191464,280.2974684,467.8164557,0,0,0
247,278,224,194.3035714,474.5714286,42.31995018,7.203767441,-1.41456132,194.3035714,474.5714286,0,0,0
247,279,138,264.3768116,465.6014493,23.94431267,7.432894487,23.06568796,264.3768116,465.6014493,0,0,0
247,280,355,66.24225352,467.3943662,48.48119521,9.560179491,61.68156365,66.24225352,467.3943662,0,0,0
247,281,127,257.1259843,465.3858268,22.36411896,7.326859828,22.42879608,257.1259843,465.3858268,0,0,0
247,282,79,159.8481013,462.4810127,14.32697913,7.064490979,-37.15094311,159.8481013,462.4810127,0,0,0
247,283,408,128.6715686,477.504902,57.3465624,9.246007748,-46.26304785,128.6715686,477.504902,0,0,0
247,284,473,336.435518,469.1881607,65.10932489,26.85012633,-66.06605175,336.435518,469.1881607,0,0,0
247,285,77,173.6883117,466.1168831,15.37927662,6.385123754,-35.28344389,173.6883117,466.1168831,0,0,0
247,286,204,113.9411765,473.3333333,38.31507726,6.956739437,-49.86640231,113.9411765,473.3333333,0,0,0
247,287,203,177.9802956,473.4384236,31.619953,8.628819217,-29.29682529,177.9802956,473.4384236,0,0,0
247,288,156,37.80769231,466.1538462,20.29957947,9.833628466,-84.57539933,37.80769231,466.1538462,0,0,0
247,289,48,126.7291667,469.5208333,10.33237624,6.142321421,-54.21929714,126.7291667,469.5208333,0,0,0
247,290,103,355.0485437,471.4466019,18.82627911,7.230767993,62.49392489,355.0485437,471.4466019,0,0,0
247,291,236,180.4533898,485.3686441,46.09097581,7.866853863,-20.32879577,180.4533898,485.3686441,0,0,0
247,292,227,209.0088106,486.4361233,38.6286756,7.674337734,9.241053,209.0088106,486.4361233,0,0,0
247,293,51,495.627451,478.5686275,10.89378166,6.088406754,19.77172672,495.627451,478.5686275,0,0,0
247,294,186,153.7741935,492.7580645,36.76952584,7.878933014,4.105617275,153.7741935,492.7580645,0,0,0
247,295,263,101.9011407,488.9695817,45.18572521,8.112983878,-61.11689429,101.9011407,488.9695817,0,0,0
247,296,123,240.3170732,485.5365854,22.58359011,6.979197594,-35.1285027,240.3170732,485.5365854,0,0,0
247,297,223,67.57399103,488.3542601,37.39569514,7.949674761,57.56904135,67.57399103,488.3542601,0,0,0
247,298,187,159.7486631,492.6256684,32.23448326,7.864890473,6.082688144,159.7486631,492.6256684,0,0,0
247,299,284,168.3098592,497.0950704,43.24053824,9.766879584,11.45188148,168.3098592,497.0950704,0,0,0
247,300,700,426.0342857,507.4085714,113.1555867,15.7821987,56.05288782,426.0342857,507.4085714,0,0,0
247,301,460,248.0021739,517.2304348,73.70453177,9.056881371,4.043195526,248.0021739,517.2304348,0,0,0
247,302,208,229.8557692,496.6153846,29.91538443,9.016271249,37.97576412,229.8557692,496.6153846,0,0,0
247,303,253,560.826087,502.7786561,38.72588748,8.431206785,-7.51416287,560.826087,502.7786561,0,0,0
247,304,44,142.8409091,492.4545455,15.48168737,4.334562324,-42.78017826,142.8409091,492.4545455,0,0,0
247,305,85,184.3764706,498.7647059,21.10942901,5.755072986,-23.12495599,184.3764706,498.7647059,0,0,0
247,306,50,277.72,498.92,16.84358349,3.966975572,-38.2460657,277.72,498.92,0,0,0
247,307,383,85.37597911,501.1253264,52.47679585,12.26754535,-86.09132026,85.37597911,501.1253264,0,0,0
247,308,59,453.5254237,499.9491525,15.20718362,5.016416388,27.67295078,453.5254237,499.9491525,0,0,0
247,309,64,200.875,499.84375,16.80614648,4.99127395,-48.92125372,200.875,499.84375,0,0,0
247,310,109,443.0275229,503.5321101,18.03415395,8.003860005,14.43059772,443.0275229,503.5321101,0,0,0
247,311,283,566.9929329,517.2862191,37.27246378,9.733351024,-8.5347875,566.9929329,517.2862191,0,0,0
247,312,117,222.1025641,509.9401709,22.86618285,6.531132282,42.82935519,222.1025641,509.9401709,0,0,0
247,313,119,295.3277311,513.4117647,24.73991132,6.274632157,-12.87232879,295.3277311,513.4117647,0,0,0
247,314,146,455.390411,511.2739726,27.72131809,6.939941554,41.75776205,455.390411,511.2739726,0,0,0
247,315,131,508.5648855,511.3053435,22.64298495,7.513565936,28.52689168,508.5648855,511.3053435,0,0,0
247,316,147,26.01360544,516.0748299,23.88006046,7.910456892,19.48691444,26.01360544,516.0748299,0,0,0
247,317,53,152.3396226,510.5471698,12.43688669,5.512363314,16.50565936,152.3396226,510.5471698,0,0,0
247,318,122,486.852459,515.9098361,23.18380478,7.179207953,34.36086725,486.852459,515.9098361,0,0,0
247,319,78,204.4871795,514.0384615,15.8317904,6.412720647,-88.85192126,204.4871795,514.0384615,0,0,0
247,320,140,223.5714286,519.7071429,26.7441718,7.016997539,46.15698848,223.5714286,519.7071429,0,0,0
247,321,114,455.0964912,520.1403509,22.13042118,6.661591904,39.12873777,455.0964912,520.1403509,0,0,0
247,322,140,507.3357143,523.4571429,27.01707491,8.036657741,30.84143044,507.3357143,523.4571429,0,0,0
247,323,532,146.0281955,541.193609,82.18779424,9.283214306,46.55031992,146.0281955,541.193609,0,0,0
247,324,48,253.6666667,520.9166667,13.6162802,5.103073388,-7.681866422,253.6666667,520.9166667,0,0,0
247,325,261,145.2758621,531.8735632,49.90532702,7.141716476,43.64128646,145.2758621,531.8735632,0,0,0
247,326,69,203.2608696,519.884058,16.75509618,5.268768893,-81.58607575,203.2608696,519.884058,0,0,0
247,327,117,235.974359,525.2307692,21.49338223,7.070533423,28.93899911,235.974359,525.2307692,0,0,0
247,328,66,499.5,523.1515152,13.74574087,6.850527183,36.46372528,499.5,523.1515152,0,0,0
247,329,155,519.8516129,530.316129,24.24594642,8.35438116,9.455209715,519.8516129,530.316129,0,0,0
247,330,40,258.9,524.125,9.938909451,5.099811656,-9.129089858,258.9,524.125,0,0,0
247,331,105,207.1619048,526.4380952,24.33609803,5.809457582,89.42855055,207.1619048,526.4380952,0,0,0
247,332,161,31.0621118,538.484472,27.48924196,7.616765923,21.17063474,31.0621118,538.484472,0,0,0
247,333,187,210.3582888,534.7754011,36.87635005,6.810731109,-71.12599046,210.3582888,534.7754011,0,0,0
247,334,129,235.7984496,538.1162791,21.08643477,7.820654781,19.76729954,235.7984496,538.1162791,0,0,0
247,335,58,199.4310345,530.9655172,18.42478398,4.121156948,-82.04970429,199.4310345,530.9655172,0,0,0
247,336,191,298.4659686,542.3036649,38.35910305,7.496347933,46.17909648,298.4659686,542.3036649,0,0,0
247,337,81,449.691358,536.2222222,15.14482188,7.385276634,37.04157385,449.691358,536.2222222,0,0,0
247,338,176,217.5965909,539.1704545,29.99179029,7.667297644,-66.85962555,217.5965909,539.1704545,0,0,0
247,339,94,554.4680851,544.0851064,24.75635707,5.020295226,-30.87745802,554.4680851,544.0851064,0,0,0
247,340,363,52.99724518,551.0275482,52.71986613,11.66557094,58.97573366,52.99724518,551.0275482,0,0,0
247,341,47,467.7446809,538.787234,10.86352241,6.233366927,24.76360718,467.7446809,538.787234,0,0,0
247,342,162,117.7407407,545.1604938,28.05607911,7.627821568,39.2292536,117.7407407,545.1604938,0,0,0
247,343,230,248.9869565,551.8565217,40.62561248,7.717379567,28.30240671,248.9869565,551.8565217,0,0,0
247,344,430,313.5093023,557.4860465,72.12059873,11.1943027,63.82769453,313.5093023,557.4860465,0,0,0
247,345,243,558.2304527,549.4032922,33.81574596,9.698652133,-31.31104774,558.2304527,549.4032922,0,0,0
247,346,122,53.40163934,545.3934426,24.18411812,6.802012327,56.93738415,53.40163934,545.3934426,0,0,0
247,347,156,219.0064103,545.5,29.93621553,6.885643453,-69.99259616,219.0064103,545.5,0,0,0
247,348,79,138.9746835,546.3670886,13.49246249,7.441913269,71.20693642,138.9746835,546.3670886,0,0,0
247,349,83,194.6746988,545.1566265,18.84552977,5.670798384,87.14925385,194.6746988,545.1566265,0,0,0
247,350,104,115.8076923,553.4326923,18.89686129,7.17462204,27.00469475,115.8076923,553.4326923,0,0,0
247,351,195,234.1076923,551.5487179,32.67419994,9.846451557,75.91436904,234.1076923,551.5487179,0,0,0
247,352,453,87.96467991,555.209713,39.48287178,15.00932595,82.45583779,87.96467991,555.209713,0,0,0
247,353,132,197,551.4772727,24.93424518,6.855831513,79.44278448,197,551.4772727,0,0,0
247,354,65,376.9076923,551,15.77769996,5.659995146,-71.5932613,376.9076923,551,0,0,0
247,355,45,319.4888889,553.7111111,10.29400365,5.733583748,67.23284351,319.4888889,553.7111111,0,0,0
247,356,55,214.2363636,555.8727273,12.58434169,6.4193893,-85.52229322,214.2363636,555.8727273,0,0,0
247,357,90,232.3111111,556.4777778,16.00915267,7.20612694,82.3523564,232.3111111,556.4777778,0,0,0
247,358,79,191.6455696,557.3417722,15.39761069,6.633004197,76.95970532,191.6455696,557.3417722,0,0,0
247,359,316,141.6012658,560.585443,47.11396476,8.986263628,85.33170316,141.6012658,560.585443,0,0,0
247,360,137,207.3576642,561.2992701,19.84052616,8.790216252,63.93192683,207.3576642,561.2992701,0,0,0
247,361,225,528.6222222,562.1688889,34.16150036,8.761205836,79.42721918,528.6222222,562.1688889,0,0,0
247,362,133,184.7443609,563.075188,19.60119775,8.725288403,88.24131915,184.7443609,563.075188,0,0,0
247,363,127,224.3307087,562.1889764,19.64543992,8.294954614,83.80491646,224.3307087,562.1889764,0,0,0
247,364,87,343.9885057,563.1149425,17.11112881,6.723292713,69.24514246,343.9885057,563.1149425,0,0,0
247,365,130,242.6,563.8692308,19.5949458,8.50908278,82.55593686,242.6,563.8692308,0,0,0
247,366,240,367.15,565.4125,34.58931977,9.108409538,83.62809442,367.15,565.4125,0,0,0
247,367,110,430.2090909,565.8545455,18.46764447,7.657373175,-70.96395928,430.2090909,565.8545455,0,0,0
248,1,260,264.1923077,7.453846154,30.43540075,10.93261729,-70.69972779,264.1923077,7.453846154,0,247,2
248,2,272,113.8161765,7.680147059,40.53123102,8.800768436,-89.44878265,113.8161765,7.680147059,0,247,3
248,3,269,183.4758364,8.022304833,34.58428145,10.04966052,-89.42157169,183.4758364,8.022304833,0,247,10
248,4,209,150.4593301,10.32535885,29.91552167,8.998230872,81.80129393,150.4593301,10.32535885,0,0,0
248,5,613,212.1941272,21.66068515,93.76134793,9.057136749,-66.2593798,212.1941272,21.66068515,0,247,9
248,6,205,202.004878,17.7902439,29.90765346,8.8724633,-62.24026463,202.004878,17.7902439,0,247,16
248,7,58,357.1724138,17.13793103,17.82369739,4.685037959,-7.591190848,357.1724138,17.13793103,0,247,13
248,8,59,415.8135593,14.15254237,10.6727919,7.556139725,77.97827912,415.8135593,14.15254237,0,0,0
248,9,204,235.1911765,18.92156863,31.72677974,8.299705513,-70.5742151,235.1911765,18.92156863,0,247,19
248,10,147,67.93197279,22.34013605,23.30958679,8.257131265,28.32711815,67.93197279,22.34013605,0,247,28
248,11,644,162.9192547,42.39130435,88.87755576,10.31382216,-42.34041947,162.9192547,42.39130435,0,247,20
248,12,113,93.25663717,19.0619469,16.08970053,9.060619828,54.22158396,93.25663717,19.0619469,0,247,15
248,13,56,325.2678571,19.35714286,12.33567304,6.39750807,-22.23148906,325.2678571,19.35714286,0,247,4
248,14,230,59.45217391,31.22608696,33.3152864,9.076622476,11.63418738,59.45217391,31.22608696,0,247,29
248,15,121,374.9917355,20.95867769,20.69215166,7.485843403,85.8122587,374.9917355,20.95867769,0,247,22
248,16,147,426.5238095,23.82312925,27.07243303,7.612352929,68.01624044,426.5238095,23.82312925,0,247,25
248,17,160,301.69375,29.44375,32.72976424,6.349116715,-46.90352303,301.69375,29.44375,0,247,7
248,18,269,462.9814126,36.71375465,37.71494988,9.130114005,-2.994397661,462.9814126,36.71375465,0,247,35
248,19,82,87.24390244,24.57317073,12.13452727,8.639594868,59.5585819,87.24390244,24.57317073,0,247,21
248,20,206,556.9708738,30.85436893,28.75121373,9.195041159,37.54045706,556.9708738,30.85436893,0,247,26
248,21,88,456.2159091,29.13636364,16.29635048,7.168373081,-7.155321168,456.2159091,29.13636364,0,0,0
248,22,207,420.3864734,31.71980676,29.23389751,9.154285867,49.2131347,420.3864734,31.71980676,0,247,32
248,23,348,402.5201149,39.16954023,48.98416149,9.478009993,45.79842693,402.5201149,39.16954023,0,247,36
248,24,160,447.9875,38.48125,28.24919306,8.060705096,-5.616955682,447.9875,38.48125,0,247,38
248,25,274,200.8248175,42.65328467,40.43204038,8.81459119,-38.25689467,200.8248175,42.65328467,0,247,37
248,26,99,300.4949495,40.02020202,25.16566715,5.149819676,-38.55769913,300.4949495,40.02020202,0,0,0
248,27,98,387.1836735,36.54081633,15.44929632,8.152735628,39.10170216,387.1836735,36.54081633,0,247,48
248,28,241,438.5352697,45.22406639,34.24379314,9.127952642,20.14945314,438.5352697,45.22406639,0,247,52
248,29,47,365,37.31914894,9.203695369,6.888361844,11.85231798,365,37.31914894,0,247,40
248,30,254,144.2125984,44.63385827,36.0674596,9.160992069,-57.25351731,144.2125984,44.63385827,0,247,41
248,31,190,185.9736842,41.85263158,30.25003835,8.0647243,-64.3782519,185.9736842,41.85263158,0,247,45
248,32,111,319.8738739,44.97297297,29.05273101,5.308211859,-31.49426472,319.8738739,44.97297297,0,247,34
248,33,360,210.8166667,56.70277778,51.38658844,9.456365538,-16.40748359,210.8166667,56.70277778,0,247,44
248,34,168,552.6309524,47.77380952,26.70088317,8.12218367,30.92786924,552.6309524,47.77380952,0,247,42
248,35,106,73.98113208,44.44339623,16.71096405,8.094251636,13.5661664,73.98113208,44.44339623,0,247,28
248,36,226,512.5752212,50.51769912,30.9378592,9.399268305,21.50639628,512.5752212,50.51769912,0,247,49
248,37,41,380.7804878,42.53658537,7.825565932,6.964532844,8.608036794,380.7804878,42.53658537,0,0,0
248,38,142,166.8732394,47.40140845,24.62265782,7.423942503,-49.0995402,166.8732394,47.40140845,0,247,50
248,39,218,199.3715596,58.05504587,32.55627764,8.673286336,-33.42978051,199.3715596,58.05504587,0,247,56
248,40,244,382.7663934,64.03688525,39.6739514,8.432997486,20.1864291,382.7663934,64.03688525,0,247,58
248,41,175,104.1942857,59.32571429,25.73303559,8.811084258,-4.66328168,104.1942857,59.32571429,0,247,55
248,42,96,115.4479167,51.30208333,14.89742837,8.209536475,84.71706009,115.4479167,51.30208333,0,247,53
248,43,213,178.7605634,59.07511737,30.35086228,9.025563198,-39.62261477,178.7605634,59.07511737,0,247,57
248,44,162,71.85802469,60.30246914,25.39791379,8.247657815,14.99263072,71.85802469,60.30246914,0,247,60
248,45,250,163.772,58.964,34.31779639,9.339613011,-59.1221981,163.772,58.964,0,247,63
248,46,98,79.1122449,58.97959184,15.73719308,7.946880865,14.92390389,79.1122449,58.97959184,0,247,64
248,47,241,430.626556,65.92116183,35.79928669,8.668955993,34.85234265,430.626556,65.92116183,0,247,66
248,48,114,318,61.56140351,23.0003721,6.476117735,-36.59131318,318,61.56140351,0,247,61
248,49,209,131.5980861,65.61722488,28.7579571,9.344720745,-47.9728054,131.5980861,65.61722488,0,247,62
248,50,135,453.762963,60.55555556,22.71258003,7.737688432,-66.20769403,453.762963,60.55555556,0,247,70
248,51,200,86.585,66.05,28.70444357,9.133417729,-45.39323109,86.585,66.05,0,247,65
248,52,195,374.174359,73.34871795,34.06218861,7.392431496,-1.850392674,374.174359,73.34871795,0,247,68
248,53,97,420.6391753,64.5257732,16.19596668,7.794328863,32.46381061,420.6391753,64.5257732,0,247,69
248,54,48,340.7708333,63.79166667,12.15265077,5.270517709,6.868026708,340.7708333,63.79166667,0,247,67
248,55,173,506.4913295,71.33526012,26.26008126,8.523777488,18.92461994,506.4913295,71.33526012,0,247,76
248,56,103,182.7864078,67.38834951,20.25698868,6.80567726,-32.30020946,182.7864078,67.38834951,0,0,0
248,57,157,495.4203822,69.00636943,23.1165157,8.729249007,39.70178079,495.4203822,69.00636943,0,247,81
248,58,74,414.6891892,68,16.08479203,5.904993372,22.41882675,414.6891892,68,0,247,71
248,59,306,103.8300654,81.71895425,43.63877326,9.528608598,-26.99605967,103.8300654,81.71895425,0,247,73
248,60,168,53.05952381,75.07738095,24.80671233,8.717702586,50.78254329,53.05952381,75.07738095,0,247,78
248,61,140,564.15,75.05,19.02031153,9.411195794,31.23671355,564.15,75.05,0,247,72
248,62,223,158.4349776,73.53363229,28.98211968,10.16921223,-87.10529029,158.4349776,73.53363229,0,247,80
248,63,131,95.72519084,78.25954198,19.877913,8.403153888,-25.81812334,95.72519084,78.25954198,0,247,79
248,64,124,367.2822581,80.33064516,22.84819375,7.082507715,3.051901047,367.2822581,80.33064516,0,247,47
248,65,141,574.4255319,79.09219858,19.87925152,9.087157838,11.46077311,574.4255319,79.09219858,0,247,74
248,66,272,110.0992647,86.625,38.30075349,9.165018704,-27.08649728,110.0992647,86.625,0,247,82
248,67,79,262.6708861,79.5443038,18.20410723,5.563028407,-22.68495635,262.6708861,79.5443038,0,0,0
248,68,320,124.509375,88,41.00115328,10.15893811,-43.98485194,124.509375,88,0,247,83
248,69,140,520.8214286,80.35,18.63314327,9.659565021,68.38634159,520.8214286,80.35,0,247,87
248,70,114,272.9385965,90.63157895,25.62307244,6.237811952,-29.41283253,272.9385965,90.63157895,0,247,85
248,71,220,73.76363636,93.01818182,31.22621719,9.351062424,55.48972081,73.76363636,93.01818182,0,247,89
248,72,82,264.9634146,91.6097561,20.86620844,5.28198656,-20.32245719,264.9634146,91.6097561,0,247,75
248,73,78,487.1282051,89.82051282,12.84006169,7.719141779,-54.98152668,487.1282051,89.82051282,0,0,0
248,74,168,90.19047619,97.04761905,24.0793418,8.994545656,5.741888876,90.19047619,97.04761905,0,247,91
248,75,134,38.8880597,93.09701493,21.27976041,8.137794631,80.34281159,38.8880597,93.09701493,0,247,94
248,76,40,241.525,98.125,9.225544571,5.712208625,-10.55402746,241.525,98.125,0,0,0
248,77,67,286.4626866,101.5970149,13.874626,6.155408231,-6.380589,286.4626866,101.5970149,0,247,88
248,78,80,36.525,104.3375,16.49307765,6.160023507,6.760838495,36.525,104.3375,0,0,0
248,79,98,42.83673469,104.9693878,16.89111402,7.437069908,-3.280800136,42.83673469,104.9693878,0,247,101
248,80,174,57.52873563,106.7643678,25.61428382,8.870459574,51.27303526,57.52873563,106.7643678,0,247,103
248,81,130,69.16923077,107.2153846,20.12040046,8.264833542,29.11400763,69.16923077,107.2153846,0,247,100
248,82,215,268.5348837,113.4883721,31.87388961,8.650099747,-18.64091527,268.5348837,113.4883721,0,247,99
248,83,251,249.4661355,118.0199203,38.50665783,8.314621047,1.718301143,249.4661355,118.0199203,0,247,114
248,84,154,78.98051948,112.0909091,24.18371705,8.182761055,11.74302429,78.98051948,112.0909091,0,247,109
248,85,117,97.02564103,109.4529915,18.48712027,8.090893597,-14.35670146,97.02564103,109.4529915,0,247,102
248,86,150,105.6066667,110.06,20.97930273,9.191438716,-27.13920352,105.6066667,110.06,0,247,104
248,87,99,227.6666667,110.3131313,16.47208672,7.90285233,-21.49729945,227.6666667,110.3131313,0,247,106
248,88,138,88.36956522,114.9855072,21.36305365,8.33950027,26.28540443,88.36956522,114.9855072,0,247,91
248,89,103,216.776699,113.1165049,16.84225085,7.807346992,-53.7950125,216.776699,113.1165049,0,247,112
248,90,165,61.1030303,119.1030303,30.88879357,7.054142458,45.8049101,61.1030303,119.1030303,0,247,111
248,91,230,430.3,127.0652174,41.54315892,7.58697844,-26.23679835,430.3,127.0652174,0,247,118
248,92,98,551.2653061,119.1632653,22.51749737,5.867711124,58.40608964,551.2653061,119.1632653,0,247,115
248,93,84,122.547619,124.8928571,24.86930197,4.573501133,-8.146482748,122.547619,124.8928571,0,247,113
248,94,223,459.3183857,128.7847534,32.73352861,8.779331572,-33.11283736,459.3183857,128.7847534,0,247,125
248,95,1163,549.3490972,161.0868444,158.9030503,56.98363261,17.82889656,549.3490972,161.0868444,0,247,122
248,96,152,114.8026316,126.6184211,21.73043559,8.932112222,-4.000361932,114.8026316,126.6184211,0,247,119
248,97,133,224.0451128,121.5037594,19.78134116,8.610426089,83.1997313,224.0451128,121.5037594,0,247,124
248,98,46,243.5652174,124.8043478,17.70636986,3.69188626,0.670392411,243.5652174,124.8043478,0,247,141
248,99,104,99.22115385,126.4519231,16.2812988,8.23359523,4.875947845,99.22115385,126.4519231,0,247,120
248,100,95,378.8736842,129.3052632,21.14912388,6.342827164,-2.214893535,378.8736842,129.3052632,0,247,116
248,101,147,450.4285714,129.0136054,23.760341,7.939462857,-32.67350123,450.4285714,129.0136054,0,0,0
248,102,197,92.03553299,133.5380711,31.60513232,8.075540285,31.58601187,92.03553299,133.5380711,0,247,126
248,103,139,485.705036,130.7697842,22.10929862,8.120717898,0.008751764,485.705036,130.7697842,0,247,129
248,104,101,570.2970297,130.4257426,15.67695755,8.333427893,43.05254986,570.2970297,130.4257426,0,247,123
248,105,298,535.8120805,144.8724832,45.56985163,8.662947277,1.249711352,535.8120805,144.8724832,0,247,130
248,106,142,307,140.1690141,28.92074225,6.269180941,-7.705756853,307,140.1690141,0,247,133
248,107,79,499.6455696,133.3037975,12.02814968,8.352307781,3.807168902,499.6455696,133.3037975,0,247,138
248,108,134,108.7835821,138.1716418,20.4281583,8.4132645,27.2374467,108.7835821,138.1716418,0,247,131
248,109,94,568.4787234,139.7234043,14.74045258,8.186552762,21.98464506,568.4787234,139.7234043,0,247,132
248,110,105,527.6285714,143.9333333,18.19750055,7.364078938,-12.31213497,527.6285714,143.9333333,0,247,142
248,111,244,515.1106557,149.7704918,36.42207008,9.700465463,48.67868804,515.1106557,149.7704918,0,0,0
248,112,97,543.1134021,145.185567,16.9996834,7.269936731,-2.767519246,543.1134021,145.185567,0,247,143
248,113,69,403.4927536,146,19.73857904,5.384826165,-19.43630868,403.4927536,146,0,247,135
248,114,188,432.787234,147.1595745,29.09271225,8.321557399,-60.81314873,432.787234,147.1595745,0,0,0
248,115,145,324.9241379,155.8206897,31.66965879,6.090013534,-7.623505086,324.9241379,155.8206897,0,247,127
248,116,111,106.7567568,149.4594595,19.19590312,7.436470081,19.69545234,106.7567568,149.4594595,0,247,140
248,117,233,387.695279,161.3562232,45.16461104,6.811239583,-29.92328828,387.695279,161.3562232,0,247,144
248,118,694,387.4985591,191.0288184,133.579242,25.71976874,-22.71005777,387.4985591,191.0288184,0,247,149
248,119,207,440.6859903,152.4009662,33.22282112,7.982918775,-56.21249512,440.6859903,152.4009662,0,247,150
248,120,114,504.4210526,152.1315789,17.86089282,8.137924262,62.61074767,504.4210526,152.1315789,0,0,0
248,121,118,570.5,158.5,18.83524544,7.988103684,5.92988956,570.5,158.5,0,247,151
248,122,54,103.462963,158.1296296,10.80167238,6.616177541,16.43238915,103.462963,158.1296296,0,247,152
248,123,163,304.7300613,168.1717791,29.08589902,7.640991353,-9.987114278,304.7300613,168.1717791,0,247,156
248,124,142,224.3661972,166.7816901,26.69210685,6.797112877,-35.38643261,224.3661972,166.7816901,0,0,0
248,125,218,289.0321101,171.4770642,38.37667016,7.617871206,-20.91343845,289.0321101,171.4770642,0,247,153
248,126,110,508.9909091,161.6545455,18.94341726,7.558247661,75.15720937,508.9909091,161.6545455,0,247,148
248,127,126,280.2063492,172.6746032,24.71177225,6.69758649,-13.05576235,280.2063492,172.6746032,0,247,155
248,128,230,221.3434783,186.0565217,59.29898706,5.911307407,-28.9416939,221.3434783,186.0565217,0,247,163
248,129,146,495.6369863,166.9178082,20.51804479,9.049263915,-82.42473718,495.6369863,166.9178082,0,0,0
248,130,195,295.0717949,181.1128205,40.14588079,6.418049467,-18.90346238,295.0717949,181.1128205,0,247,158
248,131,138,359.5652174,177.1449275,24.24086362,7.277494183,7.808312445,359.5652174,177.1449275,0,247,160
248,132,189,501.0740741,173.7936508,31.99645554,7.668225152,-61.85450481,501.0740741,173.7936508,0,247,148
248,133,239,520.8451883,180.1422594,37.63646112,8.171461766,-33.35763945,520.8451883,180.1422594,0,247,167
248,134,311,534.0064309,186.6463023,47.8626363,8.610273645,-0.72785113,534.0064309,186.6463023,0,247,130
248,135,163,576.4969325,180.8466258,24.80772666,8.385141533,-2.23677222,576.4969325,180.8466258,0,247,161
248,136,76,514.9210526,174.8947368,12.21732801,7.943013715,-25.85476623,514.9210526,174.8947368,0,247,165
248,137,97,541.3402062,177.0515464,14.8062383,8.337873005,-1.054574348,541.3402062,177.0515464,0,247,164
248,138,95,570.3263158,179.2842105,22.60313369,5.637946092,-0.419157851,570.3263158,179.2842105,0,247,166
248,139,164,105.7378049,183.6890244,24.87197705,8.439509968,-1.464722674,105.7378049,183.6890244,0,247,162
248,140,67,215.7014925,182.9701493,11.86227909,7.19422116,-26.71794499,215.7014925,182.9701493,0,0,0
248,141,173,373.3815029,192.3121387,30.63777659,7.340187436,-5.054549909,373.3815029,192.3121387,0,247,170
248,142,59,495.2542373,184.1016949,11.50610869,6.837308727,-46.97883444,495.2542373,184.1016949,0,0,0
248,143,79,210.4683544,194.1012658,15.44944633,6.558042891,-34.4593632,210.4683544,194.1012658,0,247,177
248,144,77,105.5324675,204.2857143,16.91802132,5.968785233,-8.719709296,105.5324675,204.2857143,0,247,176
248,145,48,499.3333333,200.5625,12.6793738,4.972578362,-22.24458213,499.3333333,200.5625,0,247,174
248,146,134,246.1716418,212.3134328,29.2230389,5.942563801,-16.41124505,246.1716418,212.3134328,0,247,175
248,147,75,547.6666667,210.0666667,13.04158471,7.391087826,5.28814933,547.6666667,210.0666667,0,0,0
248,148,149,543.5302013,217.7785235,22.98342847,8.466842644,26.38267806,543.5302013,217.7785235,0,247,182
248,149,157,565.5923567,226.611465,38.1098156,5.988922894,-18.00488993,565.5923567,226.611465,0,247,166
248,150,122,537.9672131,222.4918033,23.57301049,6.996473366,24.02798609,537.9672131,222.4918033,0,247,185
248,151,175,483.6685714,233.9885714,34.91225376,6.66187987,-27.87109158,483.6685714,233.9885714,0,247,183
248,152,148,107.8513514,234.8851351,24.53828532,7.697652485,11.29490804,107.8513514,234.8851351,0,247,184
248,153,569,553.4200351,268.2759227,93.178733,13.70011883,16.8737078,553.4200351,268.2759227,0,247,208
248,154,150,337.4,242.82,29.24094096,6.710859729,-40.55262573,337.4,242.82,0,247,189
248,155,44,237.9318182,240.4772727,13.30245564,4.558531693,-3.553482493,237.9318182,240.4772727,0,247,175
248,156,98,492.6428571,248.0918367,23.29572949,5.550378079,1.997450878,492.6428571,248.0918367,0,0,0
248,157,53,353.9811321,243.2641509,10.91698353,6.466109391,20.85565248,353.9811321,243.2641509,0,0,0
248,158,417,352.3357314,270.9664269,73.15526993,7.937441829,7.507464541,352.3357314,270.9664269,0,247,192
248,159,70,485.4428571,246.0142857,15.68193235,5.977940546,-19.34728047,485.4428571,246.0142857,0,0,0
248,160,60,574.8,244.4333333,10.31797045,7.395609594,-58.29132543,574.8,244.4333333,0,247,191
248,161,92,564.2391304,246.423913,13.92555921,8.445833812,-82.4068073,564.2391304,246.423913,0,247,191
248,162,153,555.6143791,257.1437908,28.52725058,7.339277259,5.758758677,555.6143791,257.1437908,0,0,0
248,163,259,372.1776062,265.6138996,44.66350126,7.464453693,7.493726576,372.1776062,265.6138996,0,247,193
248,164,127,575.023622,259.8031496,29.62074537,6.175758648,-8.460319841,575.023622,259.8031496,0,247,195
248,165,113,378.1504425,260.4247788,23.61821404,6.188188629,12.94014176,378.1504425,260.4247788,0,247,199
248,166,267,346.4906367,274.2397004,45.14724496,7.716679505,7.033032536,346.4906367,274.2397004,0,247,196
248,167,56,429.1428571,261.1607143,12.19516129,5.901182883,16.18510519,429.1428571,261.1607143,0,0,0
248,168,109,339.2018349,268.1009174,23.41848682,6.073563129,12.14544105,339.2018349,268.1009174,0,247,198
248,169,200,567.17,271.095,31.30757761,8.31076316,26.45875735,567.17,271.095,0,247,197
248,170,64,426.609375,269.171875,16.26733634,5.095066818,27.63528291,426.609375,269.171875,0,247,201
248,171,311,393.9324759,286.9710611,46.46919607,8.869914034,25.70807862,393.9324759,286.9710611,0,247,202
248,172,129,383.255814,282.4186047,22.39835318,7.513157834,24.24780943,383.255814,282.4186047,0,0,0
248,173,133,441.887218,284.4360902,20.07254635,8.487759449,33.37808086,441.887218,284.4360902,0,247,206
248,174,82,103.4268293,284.9390244,17.30775685,6.176573465,-12.06602606,103.4268293,284.9390244,0,247,205
248,175,110,453.2181818,287.8272727,23.25838248,6.28341971,35.51299229,453.2181818,287.8272727,0,247,209
248,176,171,567.994152,289.0116959,27.75271561,7.996004461,27.46554131,567.994152,289.0116959,0,0,0
248,177,111,577.3873874,291.5225225,17.90593547,7.979408344,15.70584674,577.3873874,291.5225225,0,0,0
248,178,148,555.5675676,295.0067568,25.571122,7.489859626,26.50694088,555.5675676,295.0067568,0,247,213
248,179,118,108.4067797,295.1864407,18.09937545,8.335473461,-17.391232,108.4067797,295.1864407,0,247,211
248,180,102,324.9705882,292.0294118,16.46690238,7.893265501,72.85342433,324.9705882,292.0294118,0,247,218
248,181,140,385.05,301.4857143,25.17138766,7.341718798,30.32409432,385.05,301.4857143,0,247,219
248,182,175,455.0457143,301.5257143,26.39103118,8.581426763,39.68778689,455.0457143,301.5257143,0,247,217
248,183,72,100.3055556,298.5277778,12.30102739,7.458082654,-9.995974037,100.3055556,298.5277778,0,247,215
248,184,141,297.3191489,304.9716312,31.64254209,5.766177307,-56.64468019,297.3191489,304.9716312,0,247,222
248,185,53,446.0943396,302.0566038,10.91151685,6.287892307,41.47821375,446.0943396,302.0566038,0,247,214
248,186,177,381.4745763,309.7740113,29.36583326,7.720105037,29.0421831,381.4745763,309.7740113,0,247,221
248,187,90,576.0666667,305.8333333,13.02352822,8.804351287,15.19071457,576.0666667,305.8333333,0,247,207
248,188,142,567.8169014,314.5492958,20.59504207,8.804685138,29.13500175,567.8169014,314.5492958,0,247,225
248,189,257,370.4241245,334.6536965,48.06560759,6.958301004,33.13446853,370.4241245,334.6536965,0,247,227
248,190,120,373.375,326.2833333,20.03610745,7.79443949,34.4694587,373.375,326.2833333,0,247,228
248,191,419,123.477327,348.8353222,82.72039124,10.80251222,87.05255519,123.477327,348.8353222,0,247,232
248,192,163,340.8527607,361.7852761,43.99996821,6.14730761,-14.21126719,340.8527607,361.7852761,0,247,234
248,193,269,366.0929368,371.7472119,45.35698259,7.977189312,29.71765694,366.0929368,371.7472119,0,247,235
248,194,77,186,368.0519481,19.12199313,5.199372437,-18.83797241,186,368.0519481,0,247,236
248,195,296,362.75,379.9763514,48.41413707,8.192462243,32.35257077,362.75,379.9763514,0,247,237
248,196,136,380.1544118,380.9485294,28.33796949,6.311079712,38.60166367,380.1544118,380.9485294,0,247,239
248,197,41,325.8536585,380.6341463,16.6784269,3.174515396,-33.50166935,325.8536585,380.6341463,0,247,230
248,198,73,295.3287671,385.1780822,16.37779505,5.714394055,-30.63724869,295.3287671,385.1780822,0,247,240
248,199,47,22.46808511,401.2765957,17.07033497,4.172030298,-13.61105757,22.46808511,401.2765957,0,0,0
248,200,228,147.0350877,416.7149123,45.82145748,6.881470637,-42.91873117,147.0350877,416.7149123,0,247,248
248,201,175,252.0685714,416.8514286,28.02191759,8.06195728,-12.20872777,252.0685714,416.8514286,0,247,250
248,202,169,243.1952663,422.7988166,26.66929788,8.29698765,-16.93046525,243.1952663,422.7988166,0,247,251
248,203,132,175.4242424,435.5909091,29.02853092,6.012539981,-43.04518535,175.4242424,435.5909091,0,247,252
248,204,65,162.5384615,431.2,18.8257844,5.078160269,-49.30260157,162.5384615,431.2,0,247,256
248,205,118,216.3983051,434.6949153,19.50494211,7.737482674,-17.8752836,216.3983051,434.6949153,0,247,257
248,206,186,432.4623656,434.2258065,28.80522673,8.383355505,56.51431945,432.4623656,434.2258065,0,247,258
248,207,127,241.7244094,439.1181102,26.67328812,6.382404993,-44.76391196,241.7244094,439.1181102,0,247,265
248,208,100,179.53,440.74,21.86226005,5.891144681,-41.74250913,179.53,440.74,0,247,261
248,209,79,264.443038,439.8481013,16.59660699,6.2625999,47.29444819,264.443038,439.8481013,0,247,262
248,210,149,310.6308725,451.2147651,30.13119985,6.546537911,-0.805158541,310.6308725,451.2147651,0,0,0
248,211,213,145.1877934,446.3849765,43.58157458,7.177297647,-58.53945474,145.1877934,446.3849765,0,247,267
248,212,282,236.2943262,464.4361702,66.00443046,9.098715282,-18.41070542,236.2943262,464.4361702,0,247,268
248,213,238,302.5714286,467.012605,53.2414082,6.710661956,-11.9000815,302.5714286,467.012605,0,0,0
248,214,78,264,448.7820513,14.9861677,6.964259133,37.87520087,264,448.7820513,0,0,0
248,215,83,218.8072289,452.4939759,17.313522,6.125873178,-24.29351674,218.8072289,452.4939759,0,247,270
248,216,82,246.597561,453.8658537,20.75715368,5.465444962,-27.58384787,246.597561,453.8658537,0,0,0
248,217,76,328.2105263,453.1052632,18.48788573,5.844121826,-37.04629349,328.2105263,453.1052632,0,247,272
248,218,148,71.42567568,454.3581081,24.48927034,7.841348181,-74.37293874,71.42567568,454.3581081,0,247,271
248,219,129,256.6124031,459.6124031,23.48279761,7.072084493,14.38081091,256.6124031,459.6124031,0,247,281
248,220,171,315.6608187,466.619883,33.16005887,6.776340355,-8.026765268,315.6608187,466.619883,0,247,276
248,221,134,264.3955224,463.5895522,23.45245345,7.363204324,13.61152248,264.3955224,463.5895522,0,247,279
248,222,78,159.474359,459.1410256,14.06028514,7.091356916,-36.6706454,159.474359,459.1410256,0,247,282
248,223,157,193.4203822,471.0636943,34.62107366,6.240785771,0.155062573,193.4203822,471.0636943,0,247,278
248,224,91,166.021978,461.5934066,16.31673962,7.136901592,-36.93972326,166.021978,461.5934066,0,247,275
248,225,341,341.2521994,462.3079179,54.34694705,15.10794578,-89.24481714,341.2521994,462.3079179,0,247,284
248,226,389,127.8894602,475.8843188,58.64784324,8.783034042,-46.75343852,127.8894602,475.8843188,0,247,283
248,227,103,128.776699,465.4174757,21.65658324,6.101742065,-48.14795115,128.776699,465.4174757,0,247,289
248,228,197,66.49746193,467.5380711,28.4038823,9.229077528,58.96036776,66.49746193,467.5380711,0,247,280
248,229,162,177.5246914,470.0555556,29.87646551,7.161584241,-36.19852773,177.5246914,470.0555556,0,247,287
248,230,179,113.5363128,471.6927374,36.18463953,6.443608276,-49.87177706,113.5363128,471.6927374,0,247,286
248,231,129,36.41085271,464.6976744,19.74323269,8.331950356,-86.91127156,36.41085271,464.6976744,0,247,288
248,232,46,171.5869565,464.9782609,10.76645406,5.433243962,-41.78394173,171.5869565,464.9782609,0,247,285
248,233,87,354.5057471,469.4712644,16.3912577,6.841577561,61.81308721,354.5057471,469.4712644,0,247,290
248,234,106,182.9528302,473.5754717,20.37986436,6.785560207,-30.7536619,182.9528302,473.5754717,0,247,291
248,235,44,272.4772727,470.4090909,10.81716575,5.455045395,29.76708996,272.4772727,470.4090909,0,0,0
248,236,168,305.6190476,479.8869048,34.36787053,6.707421122,-19.86302895,305.6190476,479.8869048,0,247,269
248,237,183,207.7486339,482.284153,35.9247266,6.707529661,7.910665824,207.7486339,482.284153,0,247,292
248,238,153,200.5882353,479.3006536,25.90533506,7.679632375,7.626431492,200.5882353,479.3006536,0,247,246
248,239,118,152.6186441,486.6864407,31.14876074,6.746531876,-0.278172424,152.6186441,486.6864407,0,247,294
248,240,250,102.7,486.564,44.92368071,7.79983174,-58.75787324,102.7,486.564,0,247,295
248,241,95,319.0842105,483.2421053,18.21818458,6.719502345,-17.6917518,319.0842105,483.2421053,0,247,284
248,242,55,157.2,483.2545455,16.26616539,4.815570017,-12.5346121,157.2,483.2545455,0,247,298
248,243,83,239.1445783,482.3614458,15.88528106,6.750589607,-31.32200685,239.1445783,482.3614458,0,247,296
248,244,100,389.2,486.43,16.7274416,7.691183102,55.30603137,389.2,486.43,0,0,0
248,245,176,228.6306818,492.6477273,28.72850467,7.980411373,37.70947798,228.6306818,492.6477273,0,247,302
248,246,416,247.0432692,513.7283654,72.09488301,7.942220148,4.232492499,247.0432692,513.7283654,0,247,301
248,247,71,70.47887324,489.4084507,16.42779884,5.761722929,45.17903257,70.47887324,489.4084507,0,247,297
248,248,245,559.6122449,502.1918367,39.61750529,8.187447651,-6.937906042,559.6122449,502.1918367,0,247,303
248,249,117,408.2564103,493.4529915,22.07365696,6.861863851,72.44930922,408.2564103,493.4529915,0,247,300
248,250,51,102.1764706,495.8039216,12.98463299,6.76870002,-72.85720833,102.1764706,495.8039216,0,247,307
248,251,397,440.1687657,515.0806045,67.18237188,9.477241748,44.41747812,440.1687657,515.0806045,0,247,300
248,252,112,220.8928571,505.7589286,23.32413869,6.381863119,43.504913,220.8928571,505.7589286,0,247,312
248,253,91,295.5934066,508.5384615,26.756062,4.761843721,-15.81932909,295.5934066,508.5384615,0,247,313
248,254,87,169.3333333,505.7356322,16.66803142,7.196280454,18.95976754,169.3333333,505.7356322,0,247,299
248,255,268,565.7238806,516.7313433,37.09146163,9.310456554,-9.010291439,565.7238806,516.7313433,0,247,311
248,256,148,454.5810811,510.5135135,28.04488724,6.863375358,41.20687503,454.5810811,510.5135135,0,247,314
248,257,126,507.547619,510.1031746,22.24341082,7.394245572,27.45380344,507.547619,510.1031746,0,247,315
248,258,55,443.7454545,506.7818182,10.6388151,6.709490757,29.74761713,443.7454545,506.7818182,0,0,0
248,259,74,203.5810811,511.1486486,15.89834649,5.997752829,-83.99048415,203.5810811,511.1486486,0,247,319
248,260,138,222.8550725,516.2246377,28.13112982,6.841083664,50.42604392,222.8550725,516.2246377,0,247,320
248,261,122,454.1557377,519.6065574,22.87568452,6.861788259,37.12958867,454.1557377,519.6065574,0,247,321
248,262,102,236.2156863,521.7843137,22.41134578,6.294082226,31.88032606,236.2156863,521.7843137,0,247,327
248,263,63,204.3492063,516.8095238,17.66484216,4.655716888,-83.12850035,204.3492063,516.8095238,0,247,326
248,264,475,145.5831579,540.8989474,77.67003986,8.637271371,46.35943185,145.5831579,540.8989474,0,247,323
248,265,282,147.6276596,534.4007092,53.85817432,6.980153294,44.98642691,147.6276596,534.4007092,0,247,325
248,266,147,518.414966,528.6326531,24.0526283,7.811492048,6.718232549,518.414966,528.6326531,0,247,329
248,267,162,554.7530864,537.7901235,37.71838036,7.292078976,-20.53215581,554.7530864,537.7901235,0,247,339
248,268,51,148.2745098,527,12.09483202,6.029302245,35.1741663,148.2745098,527,0,0,0
248,269,80,205.975,524.0875,28.2320311,4.221364691,-88.95823306,205.975,524.0875,0,247,331
248,270,154,212.8896104,531.4480519,32.70395449,6.388318409,-70.9458759,212.8896104,531.4480519,0,247,333
248,271,66,447.3333333,532.969697,17.20963539,7.01337969,31.35011619,447.3333333,532.969697,0,247,337
248,272,99,200.3232323,528.8383838,22.04720836,5.762357008,-81.17460689,200.3232323,528.8383838,0,247,335
248,273,120,236.6416667,537.4583333,19.26306233,7.953125643,8.220739327,236.6416667,537.4583333,0,247,334
248,274,172,220.2209302,536.0872093,30.53107664,7.412874536,-65.66695591,220.2209302,536.0872093,0,247,338
248,275,91,466.2857143,537.4945055,16.3965562,7.241529256,39.04104886,466.2857143,537.4945055,0,247,341
248,276,76,243.3421053,540.0131579,16.22913865,6.070006222,7.853655019,243.3421053,540.0131579,0,247,343
248,277,228,556.8377193,548.5526316,33.74468499,9.172175263,-31.97525191,556.8377193,548.5526316,0,247,345
248,278,71,116.2253521,541.8028169,14.36741573,6.43289715,45.35812129,116.2253521,541.8028169,0,247,342
248,279,156,219.6794872,543.4423077,31.90611107,6.994179794,-70.88182074,219.6794872,543.4423077,0,247,347
248,280,312,54.24358974,552.1858974,50.0790788,10.6322671,66.32350837,54.24358974,552.1858974,0,247,340
248,281,85,193.9411765,542.6941176,21.73445943,5.118794977,-84.88397454,193.9411765,542.6941176,0,247,349
248,282,79,137.9746835,545.164557,15.01596835,6.758114576,70.25212238,137.9746835,545.164557,0,247,348
248,283,79,303.9367089,547.835443,17.41944808,5.924816218,58.41105098,303.9367089,547.835443,0,247,336
248,284,45,54,547.5111111,13.74588223,5.897633397,66.41378358,54,547.5111111,0,247,346
248,285,86,222.0930233,549.0465116,17.05915002,6.553767532,-78.50541857,222.0930233,549.0465116,0,247,351
248,286,84,325.3928571,548.5714286,24.14906108,5.467254912,69.51833796,325.3928571,548.5714286,0,0,0
248,287,126,196.6269841,549.4761905,28.008975,6.675596059,83.16669194,196.6269841,549.4761905,0,247,353
248,288,66,240.969697,552.5757576,13.54799727,6.361325519,48.29906492,240.969697,552.5757576,0,247,351
248,289,86,135.4186047,551.2325581,17.50007631,6.400159367,73.05129863,135.4186047,551.2325581,0,0,0
248,290,268,318.7313433,560.5373134,54.36094013,6.89001326,70.75821689,318.7313433,560.5373134,0,247,344
248,291,203,83.16748768,555.8916256,36.33602493,7.69123269,75.75322245,83.16748768,555.8916256,0,247,352
248,292,65,98.70769231,554.3692308,14.50190414,5.790594901,80.65909426,98.70769231,554.3692308,0,247,352
248,293,77,232.5974026,555.5714286,17.57184383,5.968270441,77.31013798,232.5974026,555.5714286,0,247,357
248,294,107,192.2803738,558.8411215,18.04884702,7.649929191,47.97550518,192.2803738,558.8411215,0,247,358
248,295,125,203.2,559.192,21.0597986,7.626733179,53.5837598,203.2,559.192,0,247,360
248,296,84,216.0119048,555.9285714,17.17223549,6.239806887,-79.67554769,216.0119048,555.9285714,0,247,356
248,297,42,177.3095238,555.7380952,17.27954211,3.870079477,-86.48203997,177.3095238,555.7380952,0,0,0
248,298,268,142.4104478,559.7350746,45.98944096,8.200147979,84.05563888,142.4104478,559.7350746,0,247,359
248,299,120,339.9333333,561.075,22.63488312,6.997686874,63.55854434,339.9333333,561.075,0,247,364
248,300,228,529.4385965,561.2982456,31.03516186,9.633736521,82.94323383,529.4385965,561.2982456,0,247,361
248,301,125,181.704,561.92,21.13063553,7.597367055,77.41220113,181.704,561.92,0,247,362
248,302,126,221.6984127,561.6746032,21.35530732,7.599593569,-82.83115625,221.6984127,561.6746032,0,247,363
248,303,177,362.8079096,564.0903955,32.95495627,7.164414309,81.62671157,362.8079096,564.0903955,0,247,366
248,304,114,241.0087719,562.7368421,21.64364408,6.820086658,-89.12818023,241.0087719,562.7368421,0,247,365
